tweet_id,created_at,text,user_screen_name,label,english_translation
guj001,2023-05-19 15:44:55+00:00,"@username @username ркЗ рк╡рк╛ркпркбрк╛ркИ ркирк╛ ркдрлБркВ рк╣рк╛ркИрк╕ ркбрлЛркмрлЛ 
 ркПркХ рк╣рк╡рк╛ркИ ркЧркпрлБркВ ркЫрлЗ ркоркЧркЬ ркдрк╛рк░рлБркВ рк╣рк╡рлЗ рк╕ркоркЬрк╛ркпрлБркВ @url",Red__chilli_,HOF,@username @username e ydai na tu hiis dobo ek hawai hai hai hai hai ur brain now i understand @url
guj002,2023-05-27 16:44:40+00:00,"@username @username ркЖрк╡рк╛ рк╣рк▓ркХрк╛ ркХрлЗркЯрк▓рк╛ ркЫрлЗ ркХрк╛ркп ркЦркмрк░ ркиркерлА рккркбркдрлА
ркЖрк╡рк╛ рк╣рк▓ркХрк╛ рк╡рк┐рк░рлЛркз ркХрк░рк╡рк╛ рк╕рк┐рк╡рк╛ркп ркмрлАркЬрлЛ ркзркВркзрлЛ ркЬ рк╕рлБ ркЫрлЗ 
ркЬрлЗркирлЗ ркмрлЛрк▓рк╛рк╡рлЗ ркдрлЗркирлЗ ркПркорк╛ ркдрк╛рк░рк╛ ркмрк╛рккрк╛ ркирлБркВ рк╕рлБ ркЬрк╛ркп ркЫрлЗ рк╣рк▓ркХрк╛ 
ркЫрк╛ркирлЛркорк╛ркирлЛ ркдрк╛рк░рлБркВ ркХрк╛рко ркХрк░ ркирлЗ рк╣рк▓ркХрк╛ рк╣рк╛ ркдрлНрк░рлЗрк╡ркб ркиркерлА ркирлЗ рк╕рк▓рк╛рк╣ ркжрлЗрк╡рк╛ ркЖрк╡рлА ркЧркпрлЛ ркЫрлЗ рк╣рк▓ркХрлЛ
ркнрк╛ркЧ рк╣рк▓ркХрк╛ ркнрк╛ркЧ",sureshn25559831,HOF,"@username @username does not know how much lighthouse is, other than light protest is the same business that calls it to your father."
guj003,2023-05-25 03:56:05+00:00,"@username @username ркдрк╛рк░рлА ркЬрлЗрко ркЕркорлЗ ркЬрлНркЮрк╛ркдрк┐ ркорк╛ркВ ркмркЯрк╛ркЗ ркЧркпрлЗрк▓рк╛ ркиркерлА ркЯрлЛрккрк╛. ркЕркорлЗ ркмркзрк╛ ркнрк╛рк░ркдрлАркп ркЫрлАркП ркЕркирлЗ рк╕ркирк╛ркдркирлА ркЫрлАркП. 

ркдрк╛рк░рк╛ ркЬрлЗрк╡рк╛ ркмркХрк░рлА ркирк╛ рк▓рк┐ркирлНркбрк╛ ркирлА ркЬрлЗрко рк╡рлЗрк░рк╛ркИ ркЧркпрлЗрк▓рк╛ ркХрлЗрк╣рк╡рк╛ркп ркЖркВрккрк┐ркпрк╛ркВ",chattansinh,HOF,@username @username like you are not in the caste.We are all Indians and we are saints.A goat like a goat like a linda like yours
guj004,2023-03-25 08:05:22+00:00,"@username ркЖрк╡рлБркВ рк╡рк╛рк╣рк┐ркпрк╛ркд ркЦрк╛рк╡рк╛ рк╡рк╛рк│рк╛ рк▓рлЛркХрлЛ рккркг ркЫрлЗ ЁЯШИЁЯШИЁЯШИЁЯШИЁЯШИЁЯШИ

@username

@username

@username

@username

@username

@username

@username

@username

@username

@username",imkpbhatt,NOT,@username is also a fucking people ЁЯШИЁЯШИЁЯШИЁЯШИЁЯШИЁЯШИ@username@username@username@username@username@username@username@username
guj005,2023-05-24 07:01:42+00:00,"@username @username ркмрлЗрк╢ркХ, рк╣рлБркВ ркдркоркирлЗ ркорлВрк░рлНркЦ ркХрк╣рлА рк╢ркХрлБркВ ркЫрлБркВ, ркорк╛рк░рк╛ ркоркдрлЗ ркорлВрк░рлНркЦ ркПркЯрк▓рлЗ ркЕркЬрлНркЮрк╛ркирлА 

ркЕркирлЗ  ркЕркЬрлНркЮрк╛ркирлА рк╡рлНркпркХрлНркдрк┐ рк╕рк╛ркерлЗ ркжрк▓рлАрк▓ ркирк╛ ркХрк░рк╡рлА ркП ркорк╛рк░рлЛ рккрлЛркдрк╛ркирлЛ ркирк┐ркпрко ркЫрлЗ, ркЯрлБркВркХркорк╛ркВ ркПркЯрк▓рлБркЬ ркХрлЗ рк╣рлБркВ ркХрлЛркг ркЫрлБркВ ркЕркирлЗ ркХрлЗрко ркЫрлБркВ ркПркирлА ркжрк▓рлАрк▓ ркорлВрк░рлНркЦ рк╕рк╛ркерлЗ ркХрлЗрко ркХрк░рлБркВ...... @url",irshadvihari,NOT,"@username @username Of course, I can call you stupid, in my opinion not to argue with an ignorant and ignorant person is my own rule, in short, why I argue with the stupid ..... @url"
guj006,2023-03-25 13:29:57+00:00,"рк╕ркВркЬркп рк░рк╛ркЙркд  рк╡рк┐рк╢рлЗрк╖рк╛ркзрк┐ркХрк╛рк░ рк╣ркирки ркорк╛ркорк▓рк╛ ркорк╛ркВ ркжрлЛрк╖рлА рк╕рк╛ркмрк┐ркд,
рк╡рк┐ркзрк┐ ркоркВркбрк│ ркорк╛ркЯрлЗ ""ркЪрлЛрк░ ркоркВркбрк│рлА"" ркирлА ркЯрк┐рккрлНрккркгрлА рккрк░ ркЖрк╡рлНркпрлЛ ркирк┐рк░рлНркгркп,

рк╕рк╛ркВрк╕ркжрлА рккрк░ ркдрк▓рк╡рк╛рк░ рк▓ркЯркХрк╛ркЗ....тШ║я╕П",Hits136,NOT,"Sanjay Raut privileged Hanan has been guilty of guilty, the decision came on the comment of ""thief congregation"" for the ritual, a sword hanging on MP ...."
guj007,2023-05-21 11:54:06+00:00,"@username ркмркХрк╡рк╛рк╕ рккрк╛рк░рлНркЯрлА
B.J.P.",Bkjoliya1,HOF,@username nonsense partyB.J.P.
guj008,2023-05-21 14:38:34+00:00,"ркмрлЗ ркЪрлЛрк░ ркПркХ ркжрлБркХрк╛рки ркорк╛ркВ ркЪрлЛрк░рлА ркХрк░рк╡рк╛ ркЧркпрк╛ркВ 

рк╢рк░рлНркЯ ркЙрккрк░ ркнрк╛рк╡ркирлБркВ рк╕рлНркЯрлАркХрк░ ркЬрлЛркИ ркирлЗ ркПркХ ркЪрлЛрк░ ркмрлЛрк▓рлНркпрлЛ 

ркЬрлЛркдрлЛ ркЦрк░рк╛ рк╣рк╛рк╡ рк▓рлБркВркЯрк╡рк╛ркЬ ркмрлЗркарк╛ ркЫрлЗ ркирлЗ. 

            ЁЯШВЁЯШВЁЯШВЁЯШВЁЯШВЁЯШВ",krupali_000_,NOT,"Two thieves went to a shop to steal a sticker on a shirt and said a thief said, and the robbery is sitting.1"
guj009,2023-05-26 20:14:27+00:00,@username  рк╕рк╛рк╣рлЗркм рк╢рлНрк░рлА ркЬрлБркирк╛ркЧркв ркЬрк┐рк▓рлНрк▓рк╛ ркирк╛ркВ ркорк╛ркВркЧрк░рлЛрк│ ркдрк╛рк▓рлБркХрк╛ ркмркВркжрк░ рклрк┐рк▓рлНркбрк░ рк╡рк┐рк╕рлНркдрк╛рк░ркорк╛ркВ рк╡рк╛рк░ркВрк╡рк╛рк░ рк▓рк╛ркЗркЯ ркЬркдрлА рк░рк╣рлЗ ркЫрлЗ ркжрк┐рк╡рк╕ ркорк╛ркВ рлл ркерлА рлм рк╡ркЦркд рк▓рк╛ркИркЯ ркЬркдрлА рк░рк╣рлЗ ркЫрлЗ..рк╡рк╛рк░ркВрк╡рк╛рк░ ркорлМркЦрк┐ркХ рк░ркЬрлБркЖркд ркХрк░рк╡рк╛ ркЫркдрк╛ркВ ркХрлЛркИ рккркг ркЬрк╛ркдркирлЛ ркирк┐ркХрк▓ ркеркпрлЗрк▓ ркиркерлА рк╣рк╛рк▓ ркЧрк░ркорлА ркорк╛ркВ рк░рк╣рк╡рлБркВ ркмрк╣рлБ ркорлБрк╢рлНркХрлЗрк▓ ркмркирлА ркЧркпрлБркВ ркЫрлЗ..ркЖркк рк╕рк╛рк╣рлЗркм ркирлЗ ркпрлЛркЧрлНркп ркХрк░рк╡рк╛ ркиркорлНрк░ рк╡рлА. ркЫрлЗ,SutharAdil,NOT,@username Saheb Lights are often gone in the Mangrol taluka port field area of Shri Junagadh district. Lights are gone 3 to 3 times a day.Humble to do your sir right.Is
guj010,2023-05-22 11:17:23+00:00,"@username ркЖ ркмркзрк╛ ркХрк╛рко рк▓рлБркЦрлНркЦрк╛ рккрк╛рк░рлНркЯрлА ркЬ ркХрк░рлЗ,,ркПркЯрк▓рлЗ ркдрлЛ 27 рк╡рк░рк╕ ркерлА ркмрлАркЬрлЗрккрлА рк╕рк░ркХрк╛рк░ ркмрлЗрк╕рк╛ркбрлА ркЫрлЗ ркЪрлЛрк░ рк▓рлЛркЧрлЛ ркпрлЗ.",BeingSohebpatel,HOF,"@username All this work should be done by a rogue party, that is, since 27 years, BJP government has been in place, thief logo."
guj011,2023-05-27 10:57:41+00:00,@username ркЦрлВркм ркЦрк░рлНркЪрлЛ ркХрк░рлА рк╕ркВрк╕ркж ркнрк╡рки ркмркирк╛рк╡рлНркпрлБркВ ркХрк╛ркИ рк╡рк╛ркВркзрлЛ ркиркерлА рккркг ркПркирлА ркЕркВркжрк░ рк╕рлНркХрлВрк▓ ркЕркирлЗ ркХрлЛрк▓рлЗркЬ ркмркирк╛рк╡рк╡рлА ркЬрк░рлВрк░рлА ркЫрлЗ ркХрк╛рк░ркг ркХрлЗ ркПркорк╛ркВ ркорлЛркЯрк╛ ркнрк╛ркЧркирк╛ ркЕркнркг ркЧркзрлЗркбрк╛ рккркг ркЫрлЗ ркПркирлЗ ркнркгрк╛рк╡рлА рк╢ркХрк╛ркп ЁЯШК #myparilamentmypride,GaganThapaliya,HOF,@username It doesn't matter if you spent a lot of money to build the parliament building but it is necessary to build a school and college inside it because most of them are illiterate donkeys who can be educated ЁЯШК #myparilamentmypride
guj012,2023-05-23 18:32:28+00:00,"@username ркЧрлБркЬрк░рк╛ркд ркирлА ркжрк▓рк╛рк▓ ркорлАркбрк┐ркпрк╛ рккрк╛рк╕рлЗ ркПркЯрк▓рлЛ рккрк╛рк╡рк░ ркЫрлЗ ркХрлЗ ркЬрлЛ ркдрлЗ ркзрк╛рк░рлЗ ркдрлЛ рккрлЗрккрк░ ркХрк╛ркВркб, ркжркорлА ркХрк╛ркВркб, ркмрлЛркЧрк╕ ркбрк┐ркЧрлНрк░рлА ркХрк╛ркВркб ркХрк░рк╡рк╛ рк╡рк╛рк░рк╛ ркЕркирлЗ рк╕рк╛рке ркжрлЗрк╡рк╛ рк╡рк╛рк░рк╛ ркдркорк╛рко ркирк╛рк▓рк╛ркпркХ рк▓рлЛркХрлЛркирлЗ рк╕ркЬрк╛ ркХрк░рк╡рлА рк╕ркХрлЗ 
рккркг ркЖ ркЧрлБркЬрк░рк╛ркдркирлА ркжрк▓рк╛рк▓ ркорлАркбрк┐ркпрк╛ ркжрк▓рк╛рк▓рлА ркХрк░рк╡рк╛ркирлБркВ ркмркВркз ркХрк░рлЗ ркдрлЛ ркЖрк╡рлБркВ ркерк╛ркп",sureshn25559831,NOT,"@username Gujarat's broker media has so much power that if it assumes the paper scandal, dami scandal, bogus degree scandal and to be punished all the worthless people, but if this Gujarat broker media stops brokerage, this happens."
guj013,2023-05-19 06:46:15+00:00,"@username @username ркЖ рк╣рлБркВ ркдрлЛ ркмрлЛрк▓рлАрк╢ рк╡рк╛рк│рк╛ рк░рлЛркиркХ рккркЯрлЗрк▓ рк░рк╛ркдрлНрк░рлЗ рло рк╡рк╛ркЧрлНркпрлЗ ркнрк╛ркЬрккркирк╛ рккрлНрк░рк╡ркХркдрк╛ рк╡рк┐рк░рлБркжрлНркз ркмрлВркоркмрк░рк╛ркбрк╛ рккрк╛ркбрлЗ ркЫрлЗ. 
ркХрк╛рк░рлНркпркХрлНрк░рко рккрлБрк░рлЛ ркеркпрлЛ ркирк╛ркерлА ркХрлЗ ркдрлБрк░ркВркд ркмрк╣рк╛рк░ ркЬркИ, ркЖ ркЬ ркнрк╛ркЬрккркирк╛ рккрлНрк░рк╡ркХркдрк╛ рк╕рк╛ркерлЗ ркЪрк╛ркп ркирлА ркЪрлВрк╕рлНркХрлА ркорк╛рк░рлЗ ркЫрлЗ.

ркЖ ркжрк▓рк╛рк▓,рк▓рлЛркХрлЛркирлЗ ркорлВрк░рлНркЦ ркмркирк╛рк╡рк╡рк╛ркирлЛ ркзркВркзрлЛ ркХрк░рлЗ ркЫрлЗ....",Amru1967,NOT,"@username @username.The program is not completed or went out immediately, this same BJP spokesman sucks tea. The broker, is the business of fooling people ...."
guj014,2023-05-22 15:22:12+00:00,"@username рк╕рк╛рк╣рлЗркм ркЖ @username 
@username ркирлЗ ркП рк╣ркжрлЗ ркирклрк░ркд ркХрк░рлЗ ркЫрлЗ ркХрлЗ ркХрлЛркИ  @username ркирлЛ ркХрк╛рк│рлЛ ркЪрлЛрк░ рккркг рк╕ркВркбрк╛рк╕ ркЬркдрлЛ рклрлЛркЯрлЛ рккрлЛрк╕рлНркЯ ркХрк░рлЗ ркдрлЛ ркЖ ркнрк╛ркИ ркдрлЗркирк╛ рккркг ркЧрлБркг ркЧрк╛рки ркХрк░рк╡рк╛ рк▓рк╛ркЧрлЗ!
ркЕркирлЗ ркЦрлБрк▓рлНрк▓рк╛ ркорк╛ркВ рк╕ркВркбрк╛рк╕ ркЬрк╡рк╛ркирк╛, рк╕рлНрк╡ркЪрлНркЫркдрк╛ ркирк╛ркВ,
рк╕рк╣ркЬркдрк╛ ркирк╛ркВ,
ркирк╛ рк╕рк╛ркВркнрк│рлНркпрк╛ ркдрлЗрк╡рк╛ ркдрк░рлНркХ ркЖрккрк╢рлЗ ркЕркирлЗ ркнркХрлНркдрлЛркирлЗ ркЕркирлБркХрк░ркг ркХрк░рк╡рк╛ ркЬркгрк╛рк╡рк╢рлЗ!
рккркг рккрлЛркдрлЗ ркирк╣рлАркВ ркХрк░рлЗ!",DhirendrasinghU,HOF,"@username sir hates this @username @username to the extent that if a black thief of @username posts a photo of him going to the bathroom, this brother starts singing his praises too!He will give the logic that he heard and tell the devotees to imitate! But he will not do it himself!"
guj015,2023-05-24 07:03:09+00:00,"ркЧрлБркЬрк░рк╛ркд ркорк╛ркВ ркнрк░рлВркЪ ркЬрк┐рк▓рлНрк▓рк╛ркорк╛ркВ ркЖрк╡рлЗрк▓рлЛ ркЬркВркмрлБрк╕рк░ ркдрк╛рк▓рлБркХрк╛ркорк╛ркВ
ркиркЧрк░рккрк╛рк▓рк┐ркХрк╛ ркирк╛ ркХрк░рлНркоркЪрк╛рк░рлАркУ ркХрк╛рко ркЪрлЛрк░ ркЫрлЗ рк╕рлАркзрк╛ркВ ркЬрк╡рк╛ркм ркЖрккркдрк╛ ркиркерлА ркирк╡рк╛ркВ ркЫрлЗ ркП рккрлИрк╕рк╛ ркорк╛ркВрк░рлА ркЦрк╛рк╡рк╛ркорк╛ркВ ркЫрлЗ ркпркВркЧрк░ рккрк░рлНрк╖рки",PinalPa10542589,NOT,The employees of the municipality in Jambusar taluka in Bharuch district in Gujarat are a thief.
guj016,2023-05-27 16:36:33+00:00,"@username ркоркпркВркХ ркдрк╛рк░рк╛ ркмрк╛ркк ркирлЗ ркХрк╣рлА ркирлЗ ркЖ ркмркзрк╛ рк▓рлЛркХрлЛркирлЗ рккрк╛рк╕ ркХрк░рк╛рк╡рлА ркжрлЗ 
ркирк╡рк░рлА рккркирлЛркдрлА ркХрк┐ркпрк╛ ркерлА рк╣рк╛рк▓рлА ркпрк╛ ркЖрк╡рлЗ ркЫрлЗ ркЯрлНрк╡рлАркЯрк░  ркорк╛ркВ ркХрк╛ркп рк╕ркоркЬрк╛ркдрлБркВ ркиркерлА
рккркирлЛркдрлА ркЬрлЗркЯрк▓рк╛ рккрк░рлАркХрлНрк╖рк╛ ркжрк┐ркпрлЗ ркдрлЗркЯрк▓рк╛ ркмркзрк╛ рк╕рлНркЯрлБркбркирлНркЯрлНрк╕ рккрк╛рк╕ ркерлЛркбрк╛ ркерк╛ркп
ркЬрлЛ ркПркЯрк▓рлА ркЬ ркЙрккрк╛ркбрлА ркерк╛ркп ркЫрлЗ ркЧрлБркЬрк░рк╛ркдркирк╛ рк▓рлЛркХрлЛркирлА ркдрлЛ ркдрлБркВ ркирлЗ ркдрк╛рк░рлЛ ркмрк╛ркк ркнрлЗркЧрк╛ ркеркИ ркирлЗ ркЖ рк▓рлЛркХрлЛркирлЗ ркХрлНрк▓рк╛рк╕ ркЪрк╛рк▓рлБ ркХрк░рк╛рк╡рлАркирлЗ рккрк╛рк╕ ркХрк░рк╛рк╡",sureshn25559831,NOT,"@username Mayank tell your father to make all these people pass. Navri Panoti is coming from Kiya. I don't understand what is happening on Twitter. As many students as Panoti pass the exam, only a few pass. People of Gujarat, you and your father get together.Let these people pass the class by starting it"
guj017,2023-05-19 00:04:55+00:00,@username @username ркдрлБркВ ркЪрлЛрк░ ркЫрлЗ рк▓рлВркЦрк╛,Mgadhiya2,HOF,@username @username You are a thief
guj018,2023-05-25 17:15:31+00:00,"@username @username ркдрк╛рк░рлА рккрк╛рк╕рлЗ ркУрк╕рлНркЯрлНрк░рлЗрк▓рк┐ркпрк╛ ркирк╛ ркСрклрк┐рк╕рк┐ркпрк▓ ркирлНркпрлБркЭ ркЫрлЗ ? ркЬрлЛ рк╕рк╛ркЪрлЛ рк╡рк┐рк░рлЛркзрлА рк╣рлЛркп ркорлЛркжрлА ркЬрлА ркирлЛ ркдрлЛ ркУрк╕рлНркЯрлНрк░рлЗрк▓рк┐ркпрки рк╕рк░ркХрк╛рк░ ркирк╛ ркУрклрк┐рк╢рк┐ркпрк▓ ркирлНркпрлБркЭ ркмркдрк╛рк╡. 

ркЯрлЛрккрк╛ ркЖрк╡рлА ркЬ ркЬрк╛ркп рк╣ркВркЧрлНркпрк╛ рк╡ркЧрк░ ркорлЛркжрлА ркЬрлА ркирлЛ рк╡рк┐рк░рлЛркз ркХрк░рк╡рк╛ ркЬрлЛркпрк╛ ркирлЗ ркЬрк╛ркгрлНркпрк╛ рк╡ркЧрк░.",chattansinh,NOT,"@username @username do you have Australia's official news?If Modi is a true opponent, show the official news of the Australian government.Topa would come without knowing that Modi was opposed to the ji without knowing."
guj019,2023-05-28 03:32:32+00:00,@username @username @username @username рк▓ркирлНркб ркорк╛рк░рлЛ рклрлЛрк▓рлЛ ркХрк░рк╡рк╛ ркЖркЦрлА ркжрлБркирк┐ркпрк╛ ркХрк░рлЗ ркЫрлЗ рк▓рлЛркбрк╛ ркП рккрлИрк╕рк╛ ркжркИркирлЗ ркХрк░рк╛рк╡рлЗ ркЫрлЗ ркП рккркг ркдрк╛рк░рлА ркЬрлЗрко ркирккрлБркВрк╕ркиркХ ркЫрлЗ рк▓рлЛркбрк╛,PaunMahesh,HOF,@username @username @username @username Lund the whole world is following me Loda is doing it by giving money also impotent like you Loda
guj020,2023-05-20 08:04:04+00:00,"@username ркЧрлБркЬрк░рк╛ркдрлА ркорк╛ркВ рк▓ркЦ ркирлЗ ркЯрлЛрккрк╛, рк╣рк┐ркирлНркжрлА ркорк╛ркВ рк▓ркЦрлА ркирлЗ ркХрлНркпрк╛ркВ ркЬрк╛рк╡рлБркВ ркдрк╛рк░рлЗ.",louv_day,HOF,"@username write in Gujarati and write in Topa, Hindi and where to go."
guj021,2023-05-26 11:26:31+00:00,"@username ркорлВрк░рлНркЦ ркнрк░рлНркпрлЛ рк╕рк╡рк╛рк▓ ...
ркЖрк╡рлЛ рккрлЛрк▓ ркерк╡рлЛ ркЬ ркирк╛ ркЬрлЛркИркП
ркнрк╛рк░ркд ркжрлЗрк╢ ркирк╛ рккрк╣рлЗрк▓рк╛ ркирк╛ркЧрк░рк┐ркХ ркдрк░рлАркХрлЗ рк╕ркВрк╡рк┐ркзрк╛рки ркирк╛ рк╕рк░рлНрк╡рлЛркЪ рккркж рккрк░ ркмрк┐рк░рк╛ркЬркорк╛рки ..
ЁЯЗоЁЯЗ│ ркдрлНрк░ркг рккрк╛ркВркЦ ркирк╛ рк╕рлЗркирк╛ркирк╛рк╡ркбрк╛...
ркорк╛рк╣рк╛ркорк╣рк┐рко рк╣рк╕рлНркдрлЗ ркерк╡рлЛ ркЬрк╡рлЛ ,ркПркорк╛ ркЖркЯрк▓рлЛ ркмркзрлЛ рк╣ркВркЧрк╛ркорлЛ рк╢рк╛ ркорк╛ркЯрлЗ..тБЙя╕ПЁЯШЗ
рк╕ркВрк╕ркж= рк▓рлЛркХрк╕ркнрк╛ + рк░рк╛ркЬрлНркпрк╕ркнрк╛+ рк░рк╛рк╖рлНркЯрлНрк░рккркдрк┐
#рд╕рдВрд╕рдж_рднрд╡рди",VipulPatel3002,NOT,"@username Stupid question...Such a poll should not be held as the first citizen of India sitting on the highest position of the constitution..ЁЯЗоЁЯЗ│ three wing army Navada...should be done by His Majesty, why so much commotion..тБЙя╕ПЁЯШЗParliament = Lok Sabha + Rajya Sabha + President#Parliament_Building"
guj022,2023-05-26 06:40:06+00:00,"ркжрлЗрк╡ркбрлА ркП ркжркВркб рккрк╛ркорлЗ ркЪрлЛрк░ ркорлВркарлА ркЭрк╛рк░ркирк╛

рк▓рк╛ркЦ рк╣рлВркВркбрлА рк▓рлВркВркЯркирк╛рк░рк╛ ркорк╣рлЗрклрк┐рк▓рлЗ ркоркВркбрк╛ркп ркЫрлЗ,

ЁЯШМ @url",PrajapatiHaree,HOF,"Deodi is a penalty of thieves, robbery of thief, @url"
guj023,2023-05-20 05:40:08+00:00,@username ркЗркорк╛ рк░рлЗрк▓рк╡рлЗ ркирк╛  рккрк╛ркЯрк╛ рккрк░ ркЬркИркирлЗ рккркВркЪрк╛ркд ркХрк░рк╡рк╛ркирлА ркХрлНркпрк╛ркВ ркЬрк░рлВрк░ рк╣ркдрлА?ЁЯШВЁЯШВ,DhavalS16030050,NOT,Where did the @username go to the railway tracks and panchayat?
guj024,2023-05-26 15:07:14+00:00,"@username ркорлЛркжрлА ркирлА рк░рлЗрк▓рлА ркиркерлА, ркмрлЗрк╡ркХрлВркл ркирлА ркнрлАркб ркЫрлЗ",RajatThakor1278,HOF,"@username is not a rally of Modi, there is a crowd of idiots"
guj025,2023-05-20 02:50:53+00:00,@username ркЪрлЛрк░ ркирлЗркдрк╛ркУ ркХрк░ркдрк╛ ркдрлЛ рк▓рк╛ркЦ ркЧрк░ркЬрлЗ рк╕рк╛рк░рк╛ рк╕рк╛рк░рк╛ ркЕркирлЗ рк╕рк╛рк░рк╛,Ambaris2131,HOF,@username Thieves are better and better than leaders
guj026,2023-03-26 06:56:30+00:00,"ркЧрлБркЬрк░рк╛ркд рккрлЛрк▓рлАрк╕ рк╕рлНркЯрлЗркбрк┐ркпркоркорк╛ркВ ркЪрк╛ркирк╛ ркХркк рккрк░ рк▓ркЦрлЗрк▓рлБркВ ркЫрлЗ, рк╣рлБркВ рккркг ркЪрлЛркХрлАркжрк╛рк░ ркЫрлБркВ, ркЖ ркЖркЦрлЛ рк╡рк╣рлАрк╡ркЯ рк╕рк░ркорлБркЦркдрлНркпрк╛рк░рк╢рк╛рк╣рлАркирк╛ ркИрк╢рк╛рк░рлЗ ркЪрк╛рк▓рлЗ ркЫрлЗ, рк╣рк╡рлЗ ркЖркЦрлЛ ркжрлЗрк╢ ркЬрк╛ркгрлА ркЧркпрлЛ ркЫрлЗ ркХрлЗ #ркЪрлЛркХрлАркжрк╛рк░_ркЪрлЛрк░_ркЫрлЗ!

@username 
#GujaratCongress @url",Chandanjit11,HOF,"Gujarat Police Stadium is written on a cup of tea, I am also a watchman, this whole administration runs at the behest of the dictatorship, now the whole country knows that #watchman_cor_ is!"
guj027,2023-05-20 01:43:42+00:00,@username ркврлЛркВркЧрлА ркмрк╛ркмрк╛ ркорк╛ркИркирлНркб рк░рлАркбрк┐ркВркЧ ркирлЛ ркЙрккркпрлЛркЧ ркХрк░рлА рк▓рлЛркХрлЛ ркирлЗ ркмрлЗрк╡ркХрлВркл ркмркирк╛рк╡рлЗ ркЫрлЗ,AshokCh25905849,HOF,@username is fooling people using hypocritical Baba Mind Reading
guj028,2023-05-22 08:29:03+00:00,"@username @username @username ......ркХрлЛркг ркЯрлНрк╡рлАркЯрк░ рк╡рк╛рккрк░рк╢рлЗ , ркирлЗ ркХрлЛркг ркиркп,ркПркирлА рккркВркЪрк╛ркд ркдркорлБ ркорлЗрк▓рлА ркжрлНркпрлЛркирлЗ ркнрк╛. ркЖ ркмрк╛ркмрлЛ ркирк┐рк░рк╛рк▓рлЛ ркЕркиркВркдркХрк╛рк│ рк╣рлБркзрлА ркЕркорк╛рк░рлА рккрк╛рк╣рлЗ рккрлЗрк▓рк╛рк╡рк╛ркирлЛ ркЫрлЗ.",Acpittalwala,HOF,"@username @username @username ...... Who will use Twitter, and who is new, his panchayat tamu meli dao.These Babo Niralo is the eternal time of us."
guj029,2023-05-22 09:15:58+00:00,@username @username ркХрлЛркИ рк╡рк╛ркд ркирлА ркЦркмрк░ ркЬ ркиркерлА ркдрлЛ ркХрлЗрко рккркВркЪрк╛ркд ркХрк░рлЛ ркЫрлЛ.. рккрлЗрк╣рк▓рк╛ ркЬрк╛ркгрлА рк▓рлЛ..рккркЫрлА ркЖрк╡рлЛ ркмркЪрк╛рк╡ ркХрк░рк╡рк╛..,CHIRAGPARMAR82,NOT,"@username @username if you do not know anything, why do you do it."
guj030,2023-03-26 08:15:39+00:00,"ркЬркоркирк╛рккрлНрк░рк╕рк╛ркж, ркПркХ ркХркВркЧрк╛рк│, ркдрлЗркирк╛ рккрк┐ркдрк╛ркирлА ркЗркЪрлНркЫрк╛ рккрлВрк░рлА ркХрк░рлАркирлЗ, ркдрлЗркирк╛ ркорк╛ркдрк╛рккрк┐ркдрк╛ркирлЗ рк╕рклрк│ркдрк╛рккрлВрк░рлНрк╡ркХ ркдрлАрк░рлНркеркпрк╛ркдрлНрк░рк╛ рккрк░ ркорлЛркХрк▓рлЗ ркЫрлЗ. рккрк░ркВркдрлБ ркЬрлНркпрк╛рк░рлЗ ркХрлБркжрк░ркдрлА ркЖрклркдркирлЗ ркХрк╛рк░ркгрлЗ рккрк░рк┐рк╡рк╛рк░ркирк╛ рк╕ркнрлНркпрлЛ рк╕ркВрккрк░рлНркХ ркЧрлБркорк╛рк╡рлЗ ркЫрлЗ ркдрлНркпрк╛рк░рлЗ рк╢рлБркВ ркерк╛ркп ркЫрлЗ?
ркЯрлНрк░рлЗрк▓рк░ ркЪрк╛рк▓рлБ ркЬрлБркУ #TrailerBabu
#KanjoosMakhichoos #KunalKemmu #ZEE5Original #newtrailer",mrshivam_9,NOT,"Jamanaprasad, a miser, successfully sends his parents on a pilgrimage, fulfilling his father's wish.But what happens when family members lose touch due to a natural calamity? Watch Trailer Continue #TrailerBabu#KanjoosMakhichoos #KunalKemmu #ZEE5Original #newtrailer"
guj031,2023-05-22 18:10:03+00:00,@username @username ркдркорк╛рк░рлВркВ ркХрк╣рлЗрк╡рк╛ркирлБркВ  ркмрк░рк╛ркмрк░ ркЫрлЗ рккркг ркЧрлБркЬрк░рк╛ркд рк░рк╛ркЬрлНркп рк╕рк░ркХрк╛рк░ ркнрлВркорк╛рклрк┐ркпрк╛ рк╕рк╛ркерлЗ ркЫрлЗ  ркЕркорлЗ  ркХрлЛркИ рккркг рк░рк╛ркЬркирлАркдрк┐ркХ рккрк╛рк░рлНркЯрлА ркЧрлБрк▓рк╛рко ркирк╣рк┐ ркЕркорлЗ ркЕркорк╛рк░рлА ркорлВрк│ ркЦрлЗркдрлА ркирлА ркЬркорлАрки ркорк╛ркЯрлЗ ркЬрлЗ рк▓ркбрк╛ркИ рк▓ркбрлА рк░рк╣рлНркпрк╛ ркЫрлЗ рк░рк╛ркЬрлНркпрк╕рк░ркХрк╛рк░ ркнрлВркорк╛рклрк┐ркпрк╛ ркирлА рккрк╛рк░рлНркЯрлА ркЫрлЗ ркПркЯрк▓рлЗ ркХрлЗркирлНркжрлНрк░рк╕рк░ркХрк╛рк░ ркПркЯрк▓рлЗ ркирк░рлЗркирлНркжрлНрк░ ркорлЛркжрлА ркЬрлА ркЬрк╛ркг ркХрк░рк╡рлА рккркбрлЗ ркЫрлЗ ркЧрлБркЬрк░рк╛ркд рк░рк╛ркЬрлНркпрк╕рк░ркХрк╛рк░ ркЪрлЛрк░ ркЫрлЗ,Ravindr67822142,HOF,@username @username your saying is right but gujarat state govt is with bhumafia we are not slaves of any political party we are fighting for our original agricultural land state govt is party of bhumafia so central govt means narendra modi ji have to report gujaratThe state government is a thief
guj032,2023-05-24 10:04:59+00:00,@username @username @username ркЧрлБркЬрк░рк╛ркд ркорк╛ркВ рк▓рлЛркХрлЛ ркирлА рк╕рлБрк╡рк┐ркзрк╛ рк╡ркзрк╡рк╛ ркирлЗ ркмркжрк▓рлЗ ркШркЯрлА рк░рк╣рлА ркЫрлЗ ркнрк╛ркЬркк ркирк╛ рк░рк╛ркЬ ркорк╛ркВ..рк╕рлБрк░ркд ркерлА ркЕркВркХрлНрк▓рлЗрк╢рлНрк╡рк░ ркЖрк╡рк╡рк╛ ркорк╛ркЯрлЗ рк╕рк╡рк╛рк░рлЗ 5:30 ркирлА ркЧрлБркЬрк░рк╛ркд ркХрлНрк╡рлАрки рккркЫрлА рк╕рлАркзрлА 8:30 рк╡рк▓рк╕рк╛ркб ркЗркирлНркЯрк░рк╕рк┐ркЯрлА рк╡ркЪрлНркЪрлЗ ркХрлЛркИ ркЯрлНрк░рлЗрки ркЫрлЗ ркЬ ркирк╣рк┐ ..ркЖрк╡рлЛ рк╕рк╛рк╡ ркЧрк╛ркВркбрлЛ рк╡рк┐ркХрк╛рк╕ ркЧрлБркЬрк░рк╛ркд ркирлА ркЬркиркдрк╛ ркирлЛ ркЫрлЗ.ркбрлВркмрлА ркорк╛рк░рк╡рк╛ ркЬрлЗрк╡рлА рк╣рк╛рк▓ркд. @url,Jitendra1682,HOF,@username @username @username The convenience of people in Gujarat is decreasing instead of increasing under BJP rule.. There is no train between Surat to Ankleshwar after 5:30am Gujarat Queen directly 8:30am Valsad Intercity..Such a crazy development of the people of Gujarat. The condition is like drowning.@url
guj033,2023-03-25 15:44:10+00:00,@username ркмркзрк╛ркп ркорлЛркжрлА ркЪрлЛрк░ ркЫрлЗ.... ркПрк╡рлБркВ ркЖркорк╛ркВ рк╕рлНрккрк╖рлНркЯ ркжрлЗркЦрк╛ркп ркЫрлЗ.....,Yogiraajpatel,HOF,@username is all Modi thief .... it is clear in this .....
guj034,2023-05-23 13:24:57+00:00,@username @username @username @username @username @username @username @username @username @username @username ркорлВрк░рлНркЦ ркдрлЛ ркдрк╛рк░рк╛ ркЬрлЗрк╡рк╛ тЭдя╕П ркбрк╛ ркЫрлЗ ЁЯдгЁЯдг,Jalebi_261190,HOF,@username @username @username @username @username @username @username @username @username @username fool
guj035,2023-05-26 10:43:31+00:00,"Title  :- ркХрк╛ркирлБркбрк╛ ркирлЗ ркХрлЗркЬрлЛ ркПркХ рк╡рк╛рк░ ркЧрлЛркХрлБрк│рлАркпрк╛ ркорк╛ркВ ркЖрк╡рлЗ 
 Singer :  рк╢рлИрк▓рлЗрк╖ ркорк╣рк╛рк░рк╛ркЬ 
Place  : рк▓рк╛ркВркмрк╛ ркмркВркжрк░ [ ркжрлНрк╡рк╛рк░ркХрк╛ ]  

@url 

ЁЯМ║ркЖрккркгрлА  ркЖ 2 ркЪрлЗркирк▓ркирлЗ рк╕ркмрлНрк╕рлНркХрлНрк░рк╛ркЗркм ркХрк░рлЛ / рк▓рк╛ркЗркХ ркХрк░рлЛ /рк╢рлЗрк░ ркХрк░рлЛ ЁЯСН  @url @url @url",Ramdas_Gondalia,NOT,Title:- Kanunda Caja once in Gokulia Singer: Shailesh Maharaj PLace: Long Port [Dwarka] @url ЁЯМ║ Subscribe to this 2 channel / Like / Share @url @url @url
guj036,2023-03-26 08:44:18+00:00,"@username @username @username @username @username ркЧрк░рлАркмркиркЧрк░ ркЪрк╛рк░ рк░рк╕рлНркдрк╛ркерлА рк░ркЦрк┐ркпрк╛рк▓ рккрлЛрк▓рлАрк╕ рк╕рлНркЯрлЗрк╢рки рк╕рлБркзрлАркирк╛ рк░рлЛркбркирк╛ ркбрк┐рк╡рк╛ркЗркбрк░ рккрк░ рк░рлЛркЬ рк╕рк╡рк╛рк░ ркХркЪрк░рлЛ рклрлЗркВркХрк╡рк╛ркорк╛ркВ ркЖрк╡рлЗ ркЫрлЗ 

AMC ркП ркирлЛркЯрк┐рк╕ рк▓ркЯркХрк╛рк╡рлА ркЫрлЗ ркдрлЛ рккркг",GujaratiKirti,NOT,@username @username @username @username @username Garbage is thrown every morning on the road divider from Garibnagar Char Road to Rakhiyal Police Station even though AMC has posted a notice.
guj037,2023-05-27 10:15:00+00:00,"ркжрк╛рк░рлВркбрк┐ркпрк╛ркирлЗ ркЪрлЛрк░ рк╕ркоркЬрлАркирлЗ ркорк╛рк░рк╡рк╛ркирлБркВ ркнрк╛рк░рлЗ рккркбрлА ркЧркпрлБркВ

#mumbai #mumbainews #borivali #watchmen #arrested #gujarati #foe #beating #drunkard #drunk #guajratimidday #middaynews #newsupdate #latestnews #beat 

@url",middaygujarati,NOT,The drunkard is overwhelmed by the thief #Mumbai #Mumbainews #Borivali #watchmen #Arested #Gujarati #Foe #beating #drunkard #drunk #midddaynews #newsupdate #latestnews #beat @url
guj038,2023-05-20 03:41:38+00:00,"ркжрлБрк╖рлНркЯ, ркорлВрк░рлНркЦ ркЕркирлЗ ркорк╛рк░рлНркЧрлЗркерлА ркнркЯркХрлА ркЧркпрлЗрк▓рк╛ркирлЗ рк╕ркоркЬрк╛рк╡рк╡рлБркВ ркШркгрлБркВ ркХрккрк░рлБркВ ркЫрлЗ.",anrupani,NOT,"It is very difficult to explain to those who have wandered by evil, stupid, and ways."
guj039,2023-03-26 04:04:32+00:00,"рк░рк╡рк┐рк╡рк╛рк░ ркПркЯрк▓рлЗ ркнркВркЧрк╛рк░ рк╡рлЗркЪрк╡рк╛ркирлЛ ркжрк┐рк╡рк╕ 

ркЦрк╛рк▓рлА ркдрлЗрк▓ ркирк╛ ркбркмрлНркмрк╛ ркЖрккрк╡рк╛ркирк╛ЁЯШЭ",kartik_k007,NOT,Sunday is the day to sell scraps and give away empty oil cans
guj040,2023-05-28 07:22:44+00:00,"@username ркЧрлБркЬрк░рк╛ркд ркорк╛ркВ ркнрк░рлВркЪ ркЬрк┐рк▓рлНрк▓рк╛ркорк╛ркВ ркЖрк╡рлЗрк▓рлЛ ркЬркВркмрлБрк╕рк░ ркдрк╛рк▓рлБркХрк╛ркорк╛ркВ
ркиркЧрк░рккрк╛рк▓рк┐ркХрк╛ ркирк╛ ркХрк░рлНркоркЪрк╛рк░рлАркУ ркХрк╛рко ркЪрлЛрк░ ркЫрлЗ ркЧрлНрк░рк╛ркирлНркб рккрк╛рк╕ ркерк╛ркп ркЫрлЗ рк╡рк░рлНрк╖рлЛ ркерлА ркХрлЛркИ рккркг ркХрк╛ркоркХрк╛ркЬ ркиркВркерлА ркеркдрк╛ркВ рк░рлВрккрк┐ркпрк╛ ркХрлНркпрк╛ркВ ркЬрк╛ркп ркЫрлЗ ркИркХрк╡рк╛ркИрк░рлА ркмрлЗрк╕рк╛рк│рлЛ ркиркЧрк░рккрк╛рк▓рк┐ркХрк╛ ркирк╛ ркХрк░рлНркоркЪрк╛рк░рлАркУ ркЙрккрк░",PinalPa10542589,HOF,@username Municipal employees in Jambusar taluka in Bharuch district in Gujarat are work thieves. Grand passes are made. No work has been done for years. Where is the money going?
guj041,2023-05-19 14:29:20+00:00,@username @username ркирк╡рк░рлА ркмркЬрк╛рк░,ankitnp,HOF,@username @username Navri Bazar
guj042,2023-05-22 18:00:08+00:00,"ркмркВркирлЗ ркмрлБркХрк╛ркирлАркзрк╛рк░рлА ркЪрлЛрк░ ркЦрк╛рк▓рлА рк╣рк╛ркерлЗ ркнрк╛ркЧрлА ркЫрлВркЯрлНркпрк╛

#Surat #Gujarat #Police 

@url",sandeshnews,NOT,Both booked thieves escaped empty #surat #gujarat #police @url
guj043,2023-05-25 12:08:50+00:00,ркЯрлЛркЯрлА ркЪрлЛрк░ @url,DhairyaMakwana7,HOF,cock thief @url
guj044,2023-05-28 03:47:52+00:00,@username @username @username ркЖркирлЗ ркорлБркХрлЛ ркЖ ркирк╡рк░рлА ркмркЬрк╛рк░ ркЫрлЗ. ркЖркЗркЯрлА рк╕рлЗрк▓ рк╡рк╛рк│рлЛ ркЯрлНрк░рлЛрк▓ ркЫрлЗ.,ManishD66520134,HOF,@username @username @username This is the Navari Bazaar.There is a troll with an IT cell.
guj045,2023-05-26 12:33:36+00:00,"@username @username @username @username рк╕рк╛ркЪрлА рк╡рк╛ркд ркХрк░рлА
ркЧрк╛ркВркбрлЛ ркЧрлБркЬрк░рк╛ркдрлА ркХрлЗрк╡рлБ рк▓рк╛ркЧрлЗ?",bhupenNS,NOT,@username @username @username @username Speak the truth How does Gujarati feel?
guj046,2023-05-28 06:43:14+00:00,@username ркдркорлЗ ркЖрк╡рк╛ ркорлВрк░рлНркЦ ркЫрлЛ. ркорлЛркжрлАркЬрлАркирлЗ ркирклрк░ркд ркХрк░ркдрлА рк╡ркЦркдрлЗ ркдркорлЗ рк▓рлЛркХрлЛ ркдрлЗркоркирлА рк╕рк╛ркерлЗ ркЬрлЛркбрк╛ркпрлЗрк▓рлА ркжрк░рлЗркХ рк╡рк╕рлНркдрлБркирлЛ рк╡рк┐рк░рлЛркз ркХрк░рк╡рк╛ ркорк╛ркВркбрлЛ ркЫрлЛ.,TrishRPM,NOT,"@username you are such a stupid.When you hate Modi, you people start to oppose everything connected with them."
guj047,2023-05-21 11:58:40+00:00,"@username ркирлАркЪрлЗ ркорк╛ркгрк╕ рк╣рк▓рк╛рк░ркорлА ркорк╛ркгрк╕ 
ркорк╣рк╛ ркЪрлЛрк░ 

рк░рк╛ркХрлНрк╖рк╕ ILLUMINATI members @url",therealitymuted,HOF,@username BELOW MAN HULARMI MAN GREAT THIEF MONSTER ILLUMINATI MEMBERS @url
guj048,2023-05-26 04:25:54+00:00,@username ркП рккрлЛркдрлЗ рккркг ркЧрк╛ркВркбрлЛ ркЫрлЗ ркЕркирлЗ ркдрлНркпрк╛ркВ ркЬрк╡рк╛ рк╡рк╛рк│рк╛ рккркг ркЧрк╛ркВркбрк╛ ркЫрлЗ ркЕркирлЗ ркмркВркирлЗ ркПркХркмрлАркЬрк╛ркУ ркирлЗ ркЬрлЛркИркирлЗ рк╣рк╢рлЗ ркЫрлЗ ркПркорк╛ркВ ркирк╡рлБркВ ркХркИ ркиркерлА.... ркПркорк╛ркВ рккркг ркирлЗрк╢ркирк▓ ркирлНркпрлБркЭ рк╡рк╛рк│рк╛ рккркг ркЖ ркЧрк╛ркВркбрк╛ ркирлЗ ркЬ ркмркдрк╛рк╡рлНркпрк╛ ркХрк░рлЗ ркЫрлЗ. ЁЯШВЁЯШВ,Akshaysutariya1,HOF,"@username is also mad and is crazy about going there, and both of them are looking at each other, there is nothing new ...3"
guj049,2023-05-28 09:45:33+00:00,"рк╡ркзрк╛рк░рлЗ рккркбркдрк╛ркВ рк▓рк╛ркЧркгрлАрк╢рлАрк▓ рки ркмркиркдрк╛ 
ркЖркЬркирк╛ ркЬркорк╛ркирк╛ ркорк╛ркВ рк▓рк╛ркЧркгрлАрк╢рлАрк▓ рк╡рлНркпркХрлНркдрк┐ ркирлЗ ркорлВрк░рлНркЦ ркЧркгрк╡рк╛ркорк╛ркВ ркЖрк╡рлЗ ркЫрлЗ ..!!ЁЯТп
#рк╕ркдрлНркпрк╣ркХрк┐ркХркд",Dhanraj36948072,NOT,"In today's age, the emotional person is considered as stupid .. !!"
guj050,2023-05-19 15:57:28+00:00,"ркЪрлЛрк░ ркЕркирлЗ ркЕркнркг ркирлЗркдрк╛ ркУркирк╛ ркмрк╛ркк ркирлЛркЯрлЛ ркЫрк╛рккрк╡рк╛ ркирлЛ ркЦрк░рлНркЪ ркиркерлА ркЙркарк╛рк╡ркдрк╛ ркжрлЗрк╢ ркирлА ркЬркиркдрк╛ рккрк░ ркмрлЛркЬрлЛ рккркбрлЗ ркЫрлЗ, ркЖрк╡рлА ркЕркнркг рк╕рк░ркХрк╛рк░ ркирлЗ ркнркЧрк╛рк╡рлЛ ркжрлЗрк╢ ркмркЪрк╛рк╡рлЛ @url",SaeedPa66801197,HOF,"Fathers of thieves and illiterate leaders do not bear the cost of printing notes, the burden falls on the people of the country, drive away such an illiterate government, save the country @url"
guj051,2023-05-26 10:33:28+00:00,@username рк╣рк╡рлЗ рк▓рлЛркХрлЛ ркП ркмркХрк╡рк╛рк╕ рк╕рк╛ркВркнрк│рк╡рк╛ ркирлА ркЕркирлЗ рк╡рк╛ркВркЪрк╡рк╛ ркирлА ркмркВркз ркХрк░рлА ркжрк┐ркзрлА ркЫрлЗ ркПркЯрк▓рлЗ рк╡ркзрлБ ркЬрк╡рк╛ркм ркирк╣рлАркВ ркЖрк╡рк╢рлЗ.,goswamiamit009,NOT,@username now people have stopped listening to the nonsense and stop reading so there will be no answer.
guj052,2023-05-26 10:10:48+00:00,"рккрк╛рк░ркХрлА рккркВркЪрк╛ркд : ркмрк╛ркмрк╛ ркмрк╛ркЧрлЗрк╢рлНрк╡рк░ркирлЛ ркХрк╛рк░рлНркпркХрлНрк░рко ркХрлЛркгрлЗ ркХрк░рлНркпрлЛ рк╣рк╛ркИркЬрлЗркХ? ркирлЗркдрк╛ рк╣рлЛркп ркХрлЗ ркЬркиркдрк╛ ркХрк╛ркпркжрлЛ ркХрк░рлЗ ркХрк╛ркпркжрк╛ркирлБркВ ркХрк╛рко!; ркоркВркерки ркмрлЗркаркХ ркХрк░рлА рккрк╛ркЯрлАрк▓рлЗ ркирлЗркдрк╛ркУркирлЛ ркЬркмрк░рлЛ ркХрлНрк▓рк╛рк╕ рк▓ркИ рк▓рлАркзрлЛ
#Gujarat | #BageshwarBaba | #ParkiPanchat
@url",Divya_Bhaskar,NOT,"Parki Panchaat: Who Hijacked Baba Bageshwar's Program?Be it the leader or the people, let the law work!;After a brainstorming session, Patil took a hard class of leaders #Gujarat |#BageshwarBaba |#ParkiPanchat@url"
guj053,2023-05-27 17:37:55+00:00,@username @username рк╣рк▓ркХрлЛ,chetansumera33,HOF,@username @username lightweight
guj054,2023-05-21 16:14:51+00:00,@username рк╣ркЬрлА ркЕрк╣ркоркжрк╛рк╡рк╛ркж ркорк╛ркВ рк╡рк┐ркХрк╛рк╕ рклрк░рлЗ ркЫрлЗ ркмрк╛рккрлБ ЁЯЩПркЕркорк╛рк░рк╛ ркЫрлЛркЯрк╛ркЙркжрлЗрккрлБрк░ ркирк╛ ркЧрк╛ркоркбрк╛ ркорк╛ркВ ркдрлЛ рк╡рк┐ркХрк╛рк╕ ркеркИ ркЧрк╛ркВркбрлЛ ркеркИ ркЧркпрлЛ ркЫрлЗ ркЖрккркгрлА рк╕рк░ркХрк╛рк░ ркмрк╛рккрлБ ркХрлЛркИ ркжрк┐рк╡рк╕ ркЬрк╛ркЬрлЛ ркЬрлЛрк╡рк╛ ркдрлНркпрк╛ркВ ркЫрлЛркЯрк╛ркЙркжрлЗрккрлБрк░ ркерлА ркЕрк▓рлАрк░рк╛ркЬрккрлБрк░ ркмрк╛ркЬрлБ рк╡ркбрлЛркжрк░рк╛ ркерлА ркЫрлЛркЯрк╛ркЙркжрлЗрккрлБрк░ рк╡рк┐ркХрк╛рк╕ рк░рлЛркбрлЗ ркЪркбрлНркпрлЛ ркЫрлЗ ркмрк╛рккрлБ ЁЯЩПЁЯЩПЁЯЩП,Nilesh35111879,NOT,@username is still going to develop in Ahmedabad.
guj055,2023-05-19 15:59:27+00:00,@username рк╕рк░ркХрк╛рк░ ркЪрлЛрк░ ркЕркирлЗ рк░рк┐ркЭрк░рлНрк╡ ркмрлЗркВркХ рк╕рк░ркХрк╛рк░ ркирлА ркЪркоркЪрк╛ ркПркЯрк▓рлЗ ркжрлЗрк╢ ркирлЗ ркмрк░рлНркмрк╛ркж,SaeedPa66801197,NOT,@username The government is a thief and the Reserve Bank is a spoon of the government means the country is ruined
guj056,2023-05-28 05:37:08+00:00,@username рк╕рлВрк░ркЬ ркнркбрк╡рлЛ ркнрлЛ####,veer_kathi,HOF,@username Suraj Bhadvo Bho####
guj057,2023-03-26 01:27:44+00:00,"@username @username MLA ркмркирк╡рк╛ ркорк╛ркВ ркдрлЛ ркЬркорк╛ркиркд ркЬрккрлНркд ркеркИ ркЧркИ, ркЕркирлЗ рк╣рк╛рк▓рлА ркирлАркХрк│рлНркпрлЛ ркЫрлЗ ркорлЛркжрлАркЬрлА ркЕркирлЗ ркЧрлБркЬрк░рк╛ркдрлАркУ ркирлЗ ркЪрлЛрк░ ркХрлЗрк╣рк╡рк╛. 
ркЖрк╡рлБркВ ркЬ ркХрк░рк╢рлЛ ркдрлЛ ркПркХркжрк┐рк╡рк╕ рк▓рлЛркХрлЛ ркЖркирлЗ ркорк╛рк░рлАркорк╛рк░рлА ркирлЗ ркЧрлБркЬрк░рк╛ркд ркорк╛ркВркерлА ркмрк╣рк╛рк░ ркХрк╛ркврк╢рлЗ.",wish4u23,NOT,"@username @username MLA has been confiscated, and now Modi and Gujarat are thieves.If you do this, one day people will kill this and get it out of Gujarat."
guj058,2023-05-19 16:39:50+00:00,@username ITI ркХрк░рлЗрк▓рлЛ ркбрлЛркмрлЛ,jshah1071,HOF,@username ITI done dobo
guj059,2023-05-26 08:27:42+00:00,"@username @username ркПрко ркдрлЛ ркХрк╛ркпрко ркЬ рккрлЗрк▓рк╛ рк╕рлНрк╡рк╛ркорк┐ркирк╛рк░рк╛ркпркг рк╡рк╛рк│рк╛ ркирк╡рлЛ рккркВрке рк▓рк╛рк╡рлА ркирлЗ ркирк╡рк╛ ркирк╡рк╛ рккрлНрк░рлЛркЧрлНрк░рк╛рко ркХрк░рлА ркирлЗ ркЧрлБркЬрк░рк╛ркдрлА ркУ ркирлЗ ркмрлЗрк╡ркХрлВркл ркмркирк╛рк╡ркдрк╛ ркЬ рк░рк╣рлЗ ркЫрлЗ, рк╣рк╡рлЗ ркЖ ркЬрлБрк╡рк╛ркирк┐ркпрк╛ ркирлЗ рк▓рлЛркирлНркЪ ркХрк░рк╡рк╛ркорк╛ркВ ркЖрк╡рлНркпрк╛ ркЫрлЗ. 
24 ркирлА ркЪрлВркВркЯркгрлА рк╕рлБркзрлА ркирлЛ ркЦрлЗрк▓ ркЫрлЗ.",SUVAAS1,NOT,"@username @username, forever, by bringing a new cult with Swaminarayan and performing new programs, it has been stupid, now this youth has been launched.There is a game till 24 elections."
guj060,2023-05-27 09:21:54+00:00,@username ркЖ рккркг ркжрлЗркЦрк╛ркб ркмрлЗ ркХрлЛркбрлА ркирк╛ рк╡рк╣рлЗркВркЪрк╛ркпрлЗрк▓рк╛ ркжрк▓рк╛рк▓. @url,KartikJ00342188,HOF,@username this is also a shared broker of two cod.@url
guj061,2023-05-27 05:24:08+00:00,"ркорлБркЬрлЗ рк▓ркЧрк╛ ркерк╛ркХрлА ркЖркзрлА ркжрлБркирк┐ркпрк╛ ркЦркдрлНрко рк╣рлЛ ркЬрк╛ркпрлЗркЧрлА,ркдрлЛ ркмркЪрлА рк╣рлБркИ ркжрлБркирк┐ркпрк╛ ркЦрлВркм ркдрк░ркХрлНркХрлА ркХрк░рлЗркЧрлА. рк▓рлЗркХрк┐рки ркЗркирлНрк╕рк╛рки ркЕрккркирлЗ ркмрк┐ркдрлЗ рк╣рлБркП ркХрк▓ ркХрлЛ ркЬркЦрлНрко ркХрлА ркдрк░рк╣ ркЪрк╛ркЯркдрк╛ рк╣рлЗ,ркФрк░ ркЬркм ркдркХ ркП ркмрлЗрк╡ркХрлВркл рк▓рлЛркЧ ркмрлАркдрлЗ рк╣рлБркП ркХрк▓ ркХрлЛ ркнрлБрк▓рк╛ ркирк╣рк┐ рк╢ркХркдрлЗ ркП ркХркнрлА ркЕрккркирлЗ ркЖркирлЗ рк╡рк╛рк▓рлЗ ркХрк▓ ркХрлЛ ркЕрккркирк╛ ркирк╣рк┐ рк╢ркХркдрлЗ.- Thanos (Marvel Cinematic Universe)",chaudhary_kamu,NOT,"If you are tired of the world, then the survivors are very shattered.But I could not forget that he could not forget the foolish log bite ko ko ko ka kal ko ko ko ko ko ko ka ka ko ko ko ko ko ka ko ko ko ko ko ko ko ko ko ko ko ko ko ko ko ko ko ko ko ko ko ko ko"
guj062,2023-05-27 09:54:13+00:00,"@username ркЧркЬркм ркЪрлВркдрк┐ркпрк╛ рк▓ркЧ рк░рк╣рлЗ рк╣рлЛркВ ркЧрлБрк░рлБ
@username @username @username @url",Sensual_Sanju,HOF,@USERNAME GUARD WHO LAGH HO GUNG GUNT @USERNAME @username @url
guj063,2023-05-26 04:28:51+00:00,"ркЧркзрлЗркбрк╛ркВ ркирлЗ ркЧркзрлЗркбрк╛ ркХрк╣рлЗрк╡рк╛ ркорк╛ркВ рк╕рлБ рк╡рк╛ркВркзрлЛ 
ркЖркЦрлА ркжрлБркирк┐ркпрк╛ ркЖрккркирлЗ ркЧрк╛ркВркбрк╛ ркЧркгрлЗ ркЫрлЗ . ркПркорк╛ркВ рк▓рк╛ркЧркгрлА ркирк╛ркВ ркжрлБркнрк╛ркп.
ркПркдрлЛ ркЦрлБрк╢рлА ркирк┐ рк╡рк╛ркд ркЫрлЗ @url",KajiNarendra,HOF,The whole world considers you crazy to call donkeys and donkeys.It does not feel like feeling.
guj064,2023-05-25 10:28:29+00:00,"@username ркЭрлА 24 ркХрк▓рк╛ркХ ркЧрлБркЬрк░рк╛ркдрлА ркЪрлЗркирк▓..ркЖрк╡рк╛ рк╡рк╛рк╣рк┐ркпрк╛ркд рк╕рк╡рк╛рк▓ рк╢рк╛ ркорк╛ркЯрлЗ рккрлЛрк╕рлНркЯ ркХрк░рлЗ ркП рккркг ркУрккрк╢рки C ркдрк░рлАркХрлЗ рк░рк╛ркЦрк╡рлБ ркЬрк░рлВрк░рлА ркЫрлЗ.
        рк╡рк╛рк╣рк┐ркпрк╛ркд рк╕рк╡рк╛рк▓ ркХрк░ркирк╛рк░ ркЪрлЗркирк▓ рккркг рк╡рк╛рк╣рк┐ркпрк╛ркд ркЬ ркЫрлЗ.
ЁЯШЬ",NutanHaresh,HOF,@username Zee 24 hours Gujarati channel.. why post such nonsense question should also be kept as option C.The channel asking stupid questions is also stupid.ЁЯШЬ
guj065,2023-05-27 06:51:12+00:00,@username @username ркЕркШрк░рлА ркирлЛркЯ ркЫрлЗ ркЖ... ркПркХркжрко ркорлВрк░рлНркЦ ркЫрлЗ ркмрк╕ ркП ркнрк╛ркИркирлЗ ркП рк╡рк╛ркдркирлА ркЦркмрк░ ркиркерлА ...ЁЯШД,RajeshRohit25,HOF,@username @username This is a tough note... It's so stupid that bro doesn't know that...ЁЯШД
guj066,2023-05-24 10:34:01+00:00,"ркЖркЬрлЗ ркдрлЛрк░ркг ркЕркирлЗ ркдрлБрк▓рк╕рлА рк╡ркЧрк░ ркирлБ ркЖркВркЧркгрлБркВ,
ркЫрк╛рккрк░рк╛ ркЕркирлЗ ркжрлЗрк╢рлА ркирк│рлАркпрк╛ рк╡ркЧрк░ркирлБркВ ркЖркВркЧркгрлБркВ,

ркиркерлА рклрк│рлАркпрлБ  ркиркерлА ркУркЯрк▓рлЛ ркиркерлА ркЪрлБрк▓рлЛ ,
ркиркерлА  ркЪрлЛркХркбрлА ркЕркирлЗ рккркбркерк╛рк░ рк╡ркЧрк░ ркирлБ ркЖркВркЧркгрлБркВ ,

ркиркерлА ркЗ ркЧрлЛркЦрк▓рк╛ ркиркерлА ркУрк╕рк░рлА ркП ркЯрлЛркбрк▓рк╛ ,
ркмрк│ркж ркЧрк╛ркбрк╛ ркЕркирлЗ ркЧрк╛ркп рк╡рк┐ркирк╛ркирлБркВ ркЖркВркЧркгрлБркВ...

#рк╣рлЛркВркХрк╛рк░рлЛ 
#ркЦрлЛркВркЦрк╛рк░рлЛ
#ркЕрк▓ркЧрк╛рк░рлА_ркЖркдрлНркорк╛ @url",paresh_boricha7,NOT,"Today, a courtyard without a pylon and tulsi, a courtyard without a chhapra and a country pipe, not a paliyu, not an oven, not a stove, not a courtyard without a choukdi and a padhar, not an e-gokhla, not an osari, a courtyard without a todla, bullock carts and cows... #рд╣реЛрдирдХрд╛рд░реЛ #Khonkharo#algari_atma @url"
guj067,2023-05-19 17:09:17+00:00,"@username ркиркХрлНркХрлА ркдрк╛рк░рлА ркЖркЬрлБркмрк╛ркЬрлБ ркорк╛ рккрлЗрк╣рк▓рк╛ ркХрлЛркИ ркЕркмрлНркжрлБрк▓ рк░рк╣рлНркпрлЛ рк╣рк╢рлЗ ркдрк╛рк░рк╛ ркЬркирлНрко рккрлЗрк╣рк▓рк╛ ЁЯдгЁЯдг
ркирк╣рк┐ ркдрлЛ ркЖрк╡рлА ркмркХрк╡рк╛рк╕ рк╡рк╛ркд ркдрк╛рк░рк╛ ркорлЛ ркерлА ркирк╛ ркерк╛ркп ЁЯдгЁЯдг
ркдрлБркВ ркЬ рк╣рк╡рлЗ ркнрлВркдркХрк╛рк│ ркорк╛ ркЬркИ ркирлЗ рккрлЛркдрк╛ркирлА ркЕрк╕рк▓рк┐ркпркд ркЬрлЛркИ рк▓рлЗркЬрлЗ ЁЯЩД",Flying_titlii,HOF,@username deciding on you before you have been abducted before you.
guj068,2023-05-25 13:09:33+00:00,ркЕрк░рлНрке: - ркЬрлНркпрк╛рк░рлЗ рк╣рлБркВ ркерлЛркбрлБркВ ркЬрк╛ркгркдрлЛ рк╣ркдрлЛ ркдрлНркпрк╛рк░рлЗ рк╣рк╛ркерлАркирлА ркЬрлЗрко ркоркжрк╛ркирлНркз ркмркирлАтАМ ркЧркпрлЛ. ркдрлЗ рк╡ркЦркдрлЗ 'рк╣рлБркВ рк╕рк░рлНрк╡ркЬрлНркЮ ркЫрлБркВ' ркП (рк╡рк┐ркЪрк╛рк░рлЗ) ркорк╛рк░рлБркВ ркорки ркШркоркВркбрлА ркмркирлНркпрлБркВ. ркЬрлНркпрк╛рк░рлЗ ркбрк╛рк╣рлНркпрк╛ ркорк╛ркгрк╕рлЛ рккрк╛рк╕рлЗркерлА ркХркВркИркХ (ркЬрлНркЮрк╛рки) рккрлНрк░рк╛рккрлНркд ркеркпрлБркВ ркдрлНркпрк╛рк░рлЗ 'рк╣рлБркВ ркорлВрк░рлНркЦ ркЫрлБркВ' ркПрко (рк╡рк┐ркЪрк╛рк░ркдрк╛ркВ) ркорк╛рк░рлБркВ ркШркоркВркб ркдрк╛рк╡ркирлА ркЬрлЗрко ркКркдрк░рлА ркЧркпрлБркВ. (рло),nirmalpathak,NOT,"Meaning: - When I knew little I became mad like an elephant.At that time 'I am omniscient' (thought) my mind became arrogant.When I received something (knowledge) from wise men, my arrogance (thinking) 'I am a fool' went down like a fever.(8)"
guj069,2023-05-26 12:34:34+00:00,@username @username @username ркиркпрки ркнрлЛрк╢ ркорк╛рк░рлА ркирлЛ ркЫрлЗ. ркнркбрк╡рлЛ ркЫрлЗ ркПркХ ркиркВркмрк░ ркирлЛ ркЫркХрлНркХрлЛ.,chattansinh,HOF,@username @username @username Nayan Bhosh is my.There is a number of sixes.
guj070,2023-05-21 06:33:53+00:00,"ркЬрлБркврлЛ ркП ркХрк╛рк│рк┐ркпрлЛ ркХрк╣рлЗ ркорлБркЬ рк╡ркЧрк░ ркПркирлЗ ркХрлЛркИ ркирк╛ рклрк╛рк╡рлЗ.
ркЧрлЛрккрлАркУ рк╕ркВркЧ рк░рк╛рк╕ рк░ркорлЗ ркЬрлЛркирлЗ ркнрлЛрк│рлАркпрлЛ рк░ркВркЧ ркЫрлЗ ркХрлЗрк╡рлЛ ркУркврлЗ?
ркмрлЛрк▓ рк╕ркЦрлА ркЬрк░рк╛ ркХрлЛркирлЗ ркХрлЛркирлЗ ркЧрк╛ркоркорк╛ркВ ркПркгрлЗ ркЫрлЗ ркЫрлЛркбрлНркпрлЛ?
ркХрлЛркИркирлА ркоркЯркХрлА рклрлЛркбрк┐, ркирлЗ ркорк╛ркЦркг ркЪрлЛрк░ ркЫрлЗ ркмркирлНркпрлЛ.
рккрк╛ркЫрлЛ ркХрк╣рлЗ ркорк╛рк░рлЗ рк▓ркЗ ркжрк┐рк▓ ркирлЛ ркзркмркХрк╛рк░ ркЫрлЗ рк╡ркзрлНркпрлЛ?
- ркнрлВркорк┐ркХрк╛",Mutradifalfaz,NOT,"Judo says he is black, no one will give him without permission. Play with the gopis, who has a light complexion, how is he? Who did he leave in the village? He broke someone's pot, and he became a butter thief. Come back, say I want to take it and have a heart beat.Grown?- role"
guj071,2023-03-26 06:10:17+00:00,@username ркЪрлЛркХрлАркжрк╛рк░ ркЪрлЛрк░.,JayeshV18085769,HOF,@username watchman thief.
guj072,2023-05-26 08:52:15+00:00,"@username @username Gujarat ркирлБркВ ркЕрккркорк╛рки ркдрлЛ ркХрлЛркВркЧрлНрк░рлЗрк╕рлАркУ рк░рлЛркЬ ркХрк░рлЗ ркЫрлЗ
ркХрлНркпрк╛рк░рлЗркХ ркмркзрк╛ ркЧрлБркЬрк░рк╛ркдрлАркУркирлЗ ркЪрлЛрк░ рк▓рк╣рлЗ ркЫрлЗ
ркЕркВркмрк╛ркгрлА ркЕркжрк╛ркирлА ркЕркорлВрк▓ ркирлЛ рк╡рк┐рк░рлЛркз ркХрк░рлЗ ркЫрлЗ ркХрк╛рк░ркг
рк▓рлЗ ркП ркЧрлБркЬрк░рк╛ркдрлА ркЫрлЗ",raj869180,NOT,@username @username Gujarat is insulted by congressmen everyday sometimes calling all Gujaratis thieves Ambani opposes Adani Amul because he is a Gujarati
guj073,2023-05-26 09:45:01+00:00,"@username @username @username 9 рк╡рк░рлНрк╖ ркорк╛ ркЙркжрлНркпрлЛркЧрккркдрк┐ркУ ркорк╛рк▓рк╛ркорк╛рк▓ 
рккрлНрк░ркЬрк╛ ркХркВркЧрк╛рк│ред",AshokBabariya8,NOT,"@username @username @username In 9 years, businessmen are rich, people are poor."
guj074,2023-05-26 14:17:11+00:00,"@username ркЖ ркЪрлВркдрк┐ркпрк╛ ркирлЗ ркЦркмрк░ рккркбркдрлА ркиркерлА ркирлЗ ркЬрлНркЮрк╛рки ркЖрккрк╡рк╛ рк╣рлЗркбрлНркпрлЛ ркЖрк╡рлЗ ркЫрлЗ рккрк╛ркХрк┐рк╕рлНркдрк╛ркирлА рккрлНрк░рлЗркорлА,,ркнрлНрк░рк╖рлНркЯ рккрк░рк┐рк╡рк╛рк░ркирлЛ ркЧрлБрк▓рк╛рко.....",ppatel5005,HOF,"@username This bitch doesn't know and comes here to enlighten Pakistani lover, slave of corrupt family....."
guj075,2023-05-23 13:44:20+00:00,"@username рк╣рлЗ рккрлНрк░ркнрлБ ркЖрк╡рк╛ ркжрк▓рк╛рк▓ ркорлАркбрк┐ркпрк╛ рк╡рк╛рк░рк╛ ркХрк┐ркпрк╛ркерлА ркЖрк╡рлЗ ркЫрлЗ ркХрк╛ркп ркЦркмрк░ ркиркерлА рккркбркдрлА
ркЖрк╡рк╛ ркжрк▓рк╛рк▓ ркорлАркбрк┐ркпрк╛ рк╡рк╛рк░рк╛ рккрлЗрккрк░ркХрк╛ркВркб,ркжркорлАркХрк╛ркВркб, ркмрлЛркЧрк╕ркбрк┐ркЧрлНрк░рлА ркХрк╛ркВркб ркЬрлЗрк╡рк╛ ркорлЛркЯрк╛ ркорлЛркЯрк╛ ркХрк╛ркВркб ркмрк╣рк╛рк░ ркЖрк╡рлАркпрк╛ ркдрк┐ркпрк╛ркВрк░рлЗ ркЖ ркжрк▓рк╛рк▓ ркорлАркбрк┐ркпрк╛ рк╡рк╛рк░рк╛ рк╕рк░ркХрк╛рк░ркирлЗ рк╕рк╡рк╛рк▓ ркХрк░рк╡рк╛ркирлЗ ркмркжрк▓рлЗ ркЪрлВркк рк░рк╣рлАркирлЗ ркжрк▓рк╛рк▓рлА ркХрк░ркдрк╛ рк╣ркдрк╛
ркмрк╛ркХрлА ркПркХ рк╕ркоркп рк╣ркдрлЛркХрлЗ ркЖркЦрлЛ ркжрк┐рк╡рк╕ ркорк╛ркИркХ рк╣рк╛ркеркорк╛ рк▓ркпркирлЗ рклрк░ркдрк╛",sureshn25559831,NOT,@username Hey Lord does not know where such brokers come from the media.Rotating
guj076,2023-05-25 17:30:00+00:00,"рккрк╛рк░ркХрлА рккркВркЪрк╛ркд : ркЬрк╛ркгрлЛ, ркХрлНркпрк╛ркВ рк╢рлБркВ рк░ркВркзрк╛ркИ рк░рк╣рлНркпрлБркВ ркЫрлЗ - ркЬркпрлЗрк╢ рк░рк╛ркжркбрк┐ркпрк╛ рк╕рлНркЯрк┐ркпрк░рк┐ркВркЧ рк╕ркВркнрк╛рк│рлА рк╢рлБркВ рк╕ркВркХрлЗркд ркЖрккрлА рк░рк╣рлНркпрк╛ ркЫрлЗ?; AMCркирк╛ рккркжрк╛ркзрк┐ркХрк╛рк░рлАркУ ркирк┐рк░рлНркгркп рк▓рлЗркдрк╛ркВ ркбрк░рлЗ ркЫрлЗ!; ркЧрлБрк▓рк╛ркмрлА ркирлЛркЯркирлА ркЧрк░ркорлАркП ркмрлЗркВркХрк╡рк╛рк│рк╛ркирлЗ рккрк░рк╕рлЗрк╡рлЛ рк╡рк╛рк│рлА ркжрлАркзрлЛ! @url 
#Gujarat | #ParkiPanchat | #2000Note @url",Divya_Bhaskar,NOT,"Parki Panchayat: Learn where, what is going on - what are Jayesh Radadia signing steering?;AMC office bearers are afraid to decide!;The heat of the pink note sweats the bank!@url #gujarat |#Parkipanchat |#2000note @url"
guj077,2023-05-25 18:07:15+00:00,@username ркдрлБ ркорк╣рк╛ ркврлЛркВркЧрлА ркЫрлЗ ркЪрлЛрк░,imaandaar94,HOF,@username you are very hypocritical thief
guj078,2023-05-21 17:04:51+00:00,@username ркЧркорлЗ ркдрлЗ ркжрлЗрк╢ ркЕркирлЗ ркнрк╛рк╖рк╛ рк╣рлЛркп рккрк░ркВркдрлБ ркмрк╛ркпркбрлА ркдрлЛ ркмркзрлЗ рк╕рлНрк╡ркнрк╛рк╡ ркерлА рк╕рк░ркЦрлА ркЬ рк╣рлЛркп... ркЬрлБркУ рк╕ркоркЬрлНркпрк╛ рк╡ркЧрк░ ркирк╛ ркХркХрк│рк╛ркЯ ркирлЛ ркмрлЗрк╕рлНркЯ ркиркорлБркирлЛ.... ЁЯдгЁЯдкЁЯШДЁЯШДЁЯШД @url,anil_shah999,NOT,@username is whatever country and language but the bidy is the same everywhere in nature ... see the best sample of the crust without understanding .... @url
guj079,2023-05-27 00:47:19+00:00,"@username @username рк╡рк┐ркЪрк╛рк░рлЛ рккрлЛрк▓рлАрк╕ рккрк╛рк╕рлЗ ркХрлЗркЯ ркХрлЗркЯрк▓рк╛ ркХрк╛рко рккрлЗркирлНркбрк┐ркЧ рк╣рк╢рлЗ,ркХрлЗркЯрк▓рк╛ ркЧрлБркирк╛ркУ рк╢рлЛркзрк╡рк╛ркирк╛ ркмрк╛ркХрлА рк╣рк╢рлЗ. ркЖрк╡рк╛ ркЬрк░рлВрк░рлА ркХрк╛рко ркЫрлЛркбрлА ркирлЗ ркП ркмрк╛ркмрк╛ ркирк╛ ркмркВркжрлЛркмрк╕рлНркд ркорк╛ркВ рккрлЛрк▓рлАрк╕ ркирлЗ рк╡рлНркпрк╕рлНркд рк░рк╛ркЦрк╡рлА ркХрлЗркЯрк▓рлА ркпрлЛркЧрлНркп?
рккрлЛрк▓рлАрк╕ ркХрк╛рко ркиркерлА ркХрк░ркдрлА ркХрк╣рлЗркирк╛рк░ рк▓рлЛркХрлЛ ркЖркВркЦрлЛ рклрк╛рк│рлЛ ркЕркирлЗ ркЬрлБркУ рккрлЛрк▓рлАрк╕ркирлЗ ркиркХрк╛ркорк╛ ркХрк╛ркорлЛ ркорк╛ркВркерлА ркирк╡рк░рлА рк░рк╣рлЗрк╡рк╛ ркжрлЗркп ркдрлЛ ркЬрк░рлВрк░рлА ркХрк╛ркорлЛ ркХрк░рлЗ ркирлЗ.ЁЯдФ",shital_3029,NOT,"@username @username ideas police will have Cat pending, how many crimes would be to be discovered.How appropriate to keep the police busy in this Baba's settlement and keep the police busy?"
guj080,2023-05-24 12:37:07+00:00,"ЁЯЩП
ркЬрлЛ ркорк╛рк│рк╛ рк╕рлЛркирк╛ркирлА рк╣рлЛркп ркдрлЛ ркЪрлЛрк░ ркЖрк╡рк╢рлЗ, рккркг ркЬрлЛ ркдрлБрк▓рк╕рлАркирлА ркмркирлЗрк▓рлА рк╣рлЛркп ркдрлЛ ркорк╛ркЦркг ркЪрлЛрк░ ркЖрк╡рк╢рлЗ.",prataprathva31,NOT,"If the garland is made of gold, thieves will come, but if it is made of basil, butter will be stolen."
guj081,2023-03-26 09:29:46+00:00,"рк░рк╛рк╣рлБрк▓ ркЧрк╛ркВркзрлАркирлЛ ркЕрк╣ркВркХрк╛рк░ ркорлЛркЯрлЛ ркЕркирлЗ рк╕ркоркЬ ркирк╛ркирлА ркЫрлЗ. рккрлЛркдрк╛ркирк╛ рк░рк╛ркЬркирлАркдрк┐ркХ рк▓рк╛ркн ркорк╛ркЯрлЗ ркдрлЗркоркгрлЗ рк╕ркоркЧрлНрк░ OBC рк╕ркорк╛ркЬркирлБркВ ркЕрккркорк╛рки ркХрк░рлНркпрлБркВ, ркдрлЗркУркирлЗ ркЪрлЛрк░ ркХрк╣рлНркпрк╛ркВ. 
 
- рк░рк╛рк╖рлНркЯрлНрк░рлАркп ркЕркзрлНркпркХрлНрк╖ рк╢рлНрк░рлА @username  ркЬрлА @url",bharatsinhjibjp,HOF,"Rahul Gandhi's ego is big and understanding is small.For his own political gain he insulted the entire OBC community, calling them thieves.- National President Shri @username Ji @url"
guj082,2023-05-27 06:17:45+00:00,@username ркирк╡рк░рлА ркмркЬрк╛рк░ рк╣рлЛркп ркП ркЬрк╛ркп,pintoo9700,HOF,@username Navri Bazar is going
guj083,2023-05-22 08:05:51+00:00,@username ркдрлБ ркдрк╛рк░рлА рк╡рк╛ркд ркХрк░ рккрк╛рк░ркХрлА рккркВркЪрк╛ркд рк░рлЗрк╡рк╛ркжрлЗ,kiritsinh_17,HOF,@username Tu talk to you Parki Panchat Revade
guj084,2023-05-28 06:30:00+00:00,"рккрк╛рк░ркХрлА рккркВркЪрк╛ркд' - ркЬрлБркУ рк╕рлЛрко ркерлА рк╢ркирк┐ ркмрккрлЛрк░рлЗ 3 рк╡рк╛ркЧрлНркпрлЗ. ркжрк┐рк╡рлНркп ркнрк╛рк╕рлНркХрк░ ркПркк рккрк░.
#ParkiPanchat | #DivyaBhaskarApp
Download DivyaBhaskar App : @url @url",Divya_Bhaskar,NOT,Parki Panchayat ' - See Mon to Saturday at 3pm.On Divya Bhaskar App.#Parkipanchat |#Divyabhaskarappdownload divyabhaskar app: @url @url
guj085,2023-05-25 05:00:11+00:00,@username рк╡рк╛ркВркжрк░рлЛ рккркг рк╕рк╛рк░рлЛ рк▓рк╛ркЧрлЗ,TysonAurJibran,NOT,@username monkeys look good too
guj086,2023-05-28 09:24:02+00:00,"рккрлЛркдрк╛ркирлЗ рк╡рк╛рк╣рк┐ркпрк╛ркд ркЬрк╛ркУ, рккрлБркдрк┐рки!
(Gujarati)

#UkraineRussiaWar #UkraineUnderAttack #RussiaWarCrimes #PutinsWar",FuckPutinBot,HOF,"Go to fuck yourself, Putin! (Gujarati) #ukrainerussiawar #ukrainunderattack #russiawarcrime #putinswar"
guj087,2023-03-25 12:16:46+00:00,@username @username @username @username @username рк░рк┐ркВркЧ рк░рлЛркб рккрлБрк╖рлНркк рк╣рк╛ркИркЯ рклрлНрк▓рлЗркЯ ркирлА ркмрк╛ркЬрлБ  рк╡рк┐ркЭрлАркЯ ркХрк░рлЛ рк▓рлЛркХрлЛ ркХрлЗрк╡рлЛ ркХркЪрк░рлЛ ркирк╛ркЦрлЗ ркЫрлЗ ркмрк╛ркЬрлБ ркирлА ркЦрк╛рк▓рлА ркЬрк╛ркЧрлАркпрк╛ рккрк░ рк░рк╛ркорлЛрк▓ ркЕркирлЗ ркдрк│рк╛рк╡ рккркг ркХрлЗркЯрк▓рлБркВ ркЧркВркжрлБркВ рккрк╛ркгрлА ркирк╛ рк▓рлАркзрлЗ ркоркЪрлНркЫрк░ ркХрлЗркЯрк▓рк╛ ркЫрлЗ ркЖ ркирк┐рк░рк╛ркХрк╛рк░ ркХрлЛркг ркХрк░рк╢рлЗ? @username @username @username,sid_zala,NOT,@username @username @username @username @username Ring Road Floral Hight Visit the side of Flat Flat.@username @username @username
guj088,2023-03-25 14:08:01+00:00,"@username OBC рк╕ркорк╛ркЬ ркЪрлЛрк░ ркиркерлА, рккркг PM ркорлЛркжрлАркЬрлА ркЪрлЛркХрлНркХрк╕ рклрлЗркХрлБркВ ркЕркирлЗ ркЪрлЛрк░ ркЫрлЗ. ркЬрлЗ рк╣рк╛рк▓ркорк╛ркВ ркЖркзрк╛рк░ркХрк╛рк░рлНркб ркЕркирлЗ рккрк╛ркиркХрк╛рк░рлНркб рк▓рк┐ркВркХ ркХрк░рк╛рк╡рк╡рк╛ркирк╛ ркмрк╣рк╛ркирлЗ ркЬркиркдрк╛ рккрк╛рк╕рлЗркерлА ркЕркжрк╛ркгрлАркирлБркВ ркжрлЗрк╡рлБркВ ркнрк░рккрк╛ркИ ркХрк░рк╡рк╛ ркорк╛ркЯрлЗ Rs. 1000 рк▓рлВркВркЯрлА рк░рк╣рлНркпрк╛ ркЫрлЗ. ркЬрлЗ ркЬркиркдрк╛ркирлЗ рк▓рлВркВркЯрлЗ ркдрлЗ ркЪрлЛрк░ ркЬ ркХрк╣рлЗрк╡рк╛ркп.",DasManan1,HOF,"@username OBC society is not a thief, but PM Modiji is definitely a thug and a thief.Currently, on the pretext of linking Aadhar Card and PAN Card, to recover Adani's debt from the public, Rs.1000 are being looted.He who robs the public is called a thief."
guj089,2023-05-19 10:41:38+00:00,"@username @username .... рк╣рк╛ ркЕркорк╛рк░рлА рккрк╛рк╕рлЗ ркЫрлЗ.. рккркг ркмрк│ркж ркЧрк╛ркбрлА
ркдрлЛ ркПркирк╛ ркорк╛ркЯрлЗ ркдркорк╛рк░рлА рк╢рлБ.. ркоркВркдрк╡рлНркп....",dharaviya_77135,NOT,@username @username .... Yes we have .. But what is your opinion for it ...
guj090,2023-03-25 14:04:48+00:00,PM ркорлЛркжрлАркЬрлА ркЕркВркмрк╛ркгрлА ркЕркирлЗ ркЕркжрк╛ркгрлАркирк╛ ркЧрлБрк▓рк╛рко ркЫрлЗ. ркЖ PM ркорлЛркжрлАркЬрлА ркЕркирлЗ BJP ркжрлЗрк╢ркирк╛ рк╡рклрк╛ркжрк╛рк░ ркирк╣рлА  рккркг ркЖ ркмркВркирлЗркирк╛ рк╡рклрк╛ркжрк╛рк░ ркЫрлЗ. ркорк╛ркЯрлЗ ркЬ PM ркорлЛркжрлАркЬрлА ркЕркирлЗ BJP ркирлА 2024 ркорк╛ркВ рк╣ркХрк╛рк▓рккркЯрлНркЯрлА ркЬрк░рлВрк░рлА ркЫрлЗ. PM ркорлЛркжрлАркЬрлА ркорлЛркЯрлА ркорлЛркЯрлА рклрлЗркВркХрлАркирлЗ ркЬркиркдрк╛ркирлЗ ркорлВрк░рлНркЦ ркмркирк╛рк╡рлЗ ркЫрлЗ. ркЬрк╛ркЧрлЛ ркЬркиркдрк╛ ркЬрк╛ркЧрлЛ PM ркорлЛркжрлАркЬрлА рк╣ркЯрк╛ркУ ркжрлЗрк╢ ркмркЪрк╛ркУ. BJP рк╣ркЯрк╛ркУ ркжрлЗрк╢ ркмркЪрк╛ркУ.,DasManan1,HOF,PM Modi is the slave of Ambani and Adani.This PM Modi and BJP are not loyal to the country but are loyal to both of them.This is why PM Modi and BJP need expulsion in 2024.PM Modiji fools the public by throwing big.Wake up public wake up PM Modiji Hathao Save Country.BJP survivors save the country.
guj091,2023-05-19 10:22:54+00:00,@username ркЬрлЛ рк╣рлБркВ ркЪрлАркл ркорк┐ркирк┐рк╕рлНркЯрк░ ркмркирлБркВ ркдрлЛ рк╕рлМркерлА рккрк╣рлЗрк▓рк╛ ркЧрлБркЬрк░рк╛ркд ркирлА ркдркорк╛рко ркЧрлЛркбрлА ркЕркирлЗ ркжрк▓рк╛рк▓ ркорлАркбрк┐ркпрк╛ ркирлА ркдркорк╛рко ркЬрк╛ркдркирлА ркЪрлЗркирк▓ ркмркВркз ркХрк░рк╛рк╡рлБркВ ркЖркорк╛ ркдркорк╛рк░рлА ркЪрлЗркирк▓ рккркг ркЖрк╡рлА ркЬрк╛ркп,sureshn25559831,HOF,"@username If I become the Chief Minister, first of all I will shut down all the channels of Godi and Dalal media in Gujarat and your channel will also come."
guj092,2023-05-27 17:47:07+00:00,@username @username @username @username @username @username @username @username ркмрк╛рк░ ркЖрк╡рлНркпрлЛ ркХрлЗ ркирк╣рк┐ ркЖ ркЪрлЛрк░,imaandaar94,NOT,@username @username @username @username @username @username @username @username This thief came to the bar or not
guj093,2023-05-24 11:51:07+00:00,"ЁЯШВ ркмрлЗ ркЪрлЛрк░ ркПркХ ркжрлБркХрк╛рки ркорк╛ркВ ркЪрлЛрк░рлА
ркХрк░рк╡рк╛ ркЧркпрк╛ркВ 

рк╢рк░рлНркЯ ркЙрккрк░ ркнрк╛рк╡ркирлБркВ рк╕рлНркЯрлАркХрк░ ркЬрлЛркп ркирлЗ 
ркПркХ ркЪрлЛрк░ ркмрлЛрк▓рлНркпрлЛ 

ркЬрлЛркдрлЛ ркЦрк░рк╛ рк╣рк╛рк╡ рк▓рлБркВркЯрк╡рк╛ркЬ ркмрлЗркарк╛ ркЫрлЗ ркирлЗ 

ЁЯШВЁЯШВЁЯШВЁЯШВЁЯШВЁЯШВ",ChakaliChoro,NOT,рк░рлНркп Two thieves were stolen in a shop and spoke a sticker on a shirt and spoke a thief.
guj094,2023-05-19 18:22:38+00:00,ркИрк▓рлЗркирлНркпрк╛ ркЯрлЛрккрк╛ ркПркк рк╕рк░ркЦрлА ркХрк░ ЁЯШбЁЯШб @username,pkrunal1994,HOF,Compare Illenya Topa app ЁЯШбЁЯШб @username
guj095,2023-03-26 04:05:45+00:00,@username @username @username @username рк╕ркм рк╕рк╛рк▓рлЗ ркЪрлЛрк░ рк╣рлИ ркнрк╛ркИ рк╕рк╛рк╣ркм ЁЯЩП,ArajunSodha,HOF,@username @username @username @username sub salle chor hai bhai sahab ЁЯЩП
guj096,2023-05-19 17:25:09+00:00,"рккрккрлНрккрлБ рклрк░рлА рк╕рк╛ркЪрлЛ рк╕рк╛ркмрк┐ркд ркеркпрлЛ
 ркирлЛркЯркмркВркзрлА ркжрк░ркорк┐ркпрк╛рки ркдрлЗркоркгрлЗ 2000ркирлА ркирлЛркЯрлЛ ркЬрк╛рк░рлА ркХрк░рк╡рк╛ркирлЛ рк╡рк┐рк░рлЛркз ркХрк░рлНркпрлЛ рк╣ркдрлЛ ркЕркирлЗ ркдрлЗркоркирк╛ ркорлВрк▓рлНркпрк╛ркВркХркиркорк╛ркВ ркдрлЗ ркпрлЛркЧрлНркп рк╣ркдрлБркВ ркХрлЗ ркдрлЗ ркПркХ ркорлВрк░рлНркЦ ркЪрк╛рк▓ ркЫрлЗ ркЕркирлЗ ркнрлНрк░рк╖рлНркЯрк╛ркЪрк╛рк░ркирлЗ рк╕рк░рк│ ркмркирк╛рк╡рк╢рлЗ

 aakhir ркЙрккрк╛ркбрлА рк▓рк╡рлАрккркбрлА ЁЯШО",makbulsarmali,NOT,Pappu proved to be true again during the blockade he opposed issuing 2000 notes and in his evaluation it was appropriate that he was a stupid move and will ease corruption.
guj097,2023-03-25 08:44:02+00:00,@username @username @username @username @username @username рк▓рлЛркХрлЛ  ркХркЪрк░рлЛ рклрлЗркВркХрлЗ ркдрлЗркирлА рккрлЗркирк▓рлНркЯрлА ркорк╛ркЯрлЗ рк╢рлБркВ ркХрк╛рк│ркЬрлА рк░рк╛ркЦрк╡рк╛ркорк╛ркВ ркЖрк╡рлЗрк▓ ркЫрлЗ... рк╕рлЛрк╕рк╛ркпркЯрлАркирк╛ ркирк╛ркХрлЗ рк▓рлЛркХрлЛ ркШркгрлЛ ркХркЪрк░рлЛ ркирк╛ркЦрлА ркЬрк╛ркп ркЫрлЗ,Mulik52779427,NOT,@username @username @username @username @username @username What care is taken for the penalty for people throwing garbage... People throw a lot of garbage under the nose of the society.
guj098,2023-05-27 09:52:03+00:00,"@username рклрлЛркЯрк╛ ркорлБркХрлАркирлЗ ркПркирлЗ рк╕ркоркЬрк╛рк╡рлЛ ркоркпрлБрк░ркнрк╛ркИ 
ркХрк╛рк░ркгркХрлЗ ркП ркмрк│ркж ркЫрлЗ",mehul663,HOF,@username Explain it Mayurbhai with photos because it is bull
guj099,2023-05-27 15:31:04+00:00,@username ркдркорк╛рк░рк╛ ркжрлНрк░рк╛рк░рк╛ ркбрк╛ркпрк▓ ркХрк░рк╡рк╛ркорк╛ ркЖрк╡рлЗрк▓ ркиркВркмрк░ркирлЗ ркдркорк╛рк░рлА ркЬрлЛркбрлЗ рккркВркЪрк╛ркд ркХрк░рк╡рк╛ркорк╛ркВ ркХркВркИ ркЬ рк░рк╕ ркиркерлА,ngnear_,HOF,@username has no interest in sharing the number dialed by you with you
guj100,2023-03-25 09:00:01+00:00,"GSTV SHORTS : ркЭрлЗркмрлНрк░рк╛ркП ркдрлЛ ркЧрк╛рко ркЧрк╛ркВркбрлБ ркХрк░рлНркпрлБркВ
#Gstvshorts #zebra #southkorea #gstvnews #Gstv #GujaratiNews @url",GSTV_NEWS,NOT,GSTV SHORTS : Zebra made the village crazy #Gstvshorts #zebra #southkorea #gstvnews #Gstv #GujaratiNews @url
guj101,2023-05-19 09:06:39+00:00,@username @username ркЧрлБркЬрк░рк╛ркд рк╕рк░ркХрк╛рк░ ркирлА рк╡рк╛ркХ ркиркерлА рк╡рк╛ркХ ркдркорк╛рк░рлЛ ркЫрлЗ ркдркорк╛рк░рлЗркЬ рклрлЗрк░рклрк╛рк░ ркЬрлЛрк╡ркдрлЛ рк╣ркдрлЛ ркирлЗ рк▓рлЛ рк╣рк╡рлЗ ркоркЭрк╛ рккрлЗрк▓рлЛ рк▓рлБркЦрлНркЦрлЛ ркпрлБрк╡рк░рк╛ркЬ рккрлИрк╕рк╛ ркмркирк╛рк╡рлАркирлЗ ркмрлЗрк╕рлА ркЧркпрлЛ ркЫрлЗ ркЕркирлЗ ркерлЛркбрк╛ркХ рк╕ркоркп ркорк╛ркВ BJP ркорк╛ рккркг ркЖрк╡рлА ркЬрк╕рлЗ,imaandaar94,HOF,@username @username is not the word of the Government of Gujarat. You were watching your change and now the fun of the lukewarm Yuvraj has made money and will come to the BJP in a while.
guj102,2023-05-20 14:46:35+00:00,"@username ркЪрлЛрк░ ркирк╛ ркнрк╛ркЗ ркШркВркЯрлА ркЪрлЛрк░ ,ркХрк╛рк│рлБркВркзрки ркмркзрлБркВ рк╕рлЛркирк╛ркорк╛ркВ ркЫрлЗ.",mineshp26682481,HOF,"@username Thief's brother bell thief, Kalundhan is all in gold."
guj103,2023-05-25 08:53:43+00:00,@username ркЕрк░рлЗ ркнрк╛ркИ ркЬркм рк░рк╛рк╖рлНркЯрлНрккркдрк┐ ркХрлЛ bjp ркирлЗ ркШрлЛрк╖рк┐ркд ркХрк┐ркпрк╛ ркдркм ркдрлБрко рк▓рлЛркЧрлЛ ркирлЗ рк╡рк┐рк░рлЛркз ркХрк┐ркпрк╛ ркерк╛ ркФрк░ ркЖркЬ ркдрлБрко ркПркХ ркжрко рк╕рлЗ ркмрлЛрк▓рлА ркХрк╣рк╛ рк╕рлЗ ркмркжрк▓рлА ркЧркИ ркУрк░ рккрк╣рлЗрк▓рлЗ ркХрлЛ ркЬрлЛ ркЗркдрк┐рк╣рк╛рк╕ ркжрлЗркЦрлЛ ркмрк╛ркж ркорлЗ ркмркХрк╡рк╛рк╕ ркХрк░рк┐ркпрлЛ ркнрк╛ркИ,PatelRameshbha8,NOT,@username Hey Bhai Jab President Ko BJP announced Kia Tum Logo Kia Tha Aur Aaj Tum Ek Dum Se Boli Kaha Se Kaha Sei
guj104,2023-05-20 10:00:01+00:00,"ркХрк╛рк░ркорк╛ркВркерлА ркорлНркпрлБркЭрк┐ркХ рк╕рк┐рк╕рлНркЯрко ркдрклркбрк╛рк╡ркдрлЛ ркЪрлЛрк░ рккркХркбрк╛ркпрлЛ

#gujaratimidday #mumbai #mumbainews #navimumbai #thief #stole #musicsystem #car #caught #newsupdate #latestnews #robbery #theft #music #system #middaynews 

@url",middaygujarati,NOT,The music system from the car caught the thief #gujaratimidday #mumbai #mumbainews #navimbai #thief #stole #musicssystem #car #cAght #newsupdate #latestnews #robbery #theft #music #ssystem #middaynews @Nl
guj105,2023-05-19 06:16:15+00:00,@username ркЖ рккрк░рк┐рк╕рлНркерк┐ркдрк┐ ркирлА ркоркЬрк╛ ркдрлНркпрк╛рк░рлЗ ркЬ ркЖрк╡рлЗ ркХрлЗ ркмрлЗрк╡ркХрлВркл ркмркирк╛рк╡рк╡рк╛ рк╡рк╛рк│рк╛ ркПрк╡рлБркВ рк╕ркоркЬрлЗ ркХрлЗ ркмркирк╡рк╛ рк╡рк╛рк│рк╛ ркирлЗ ркХркИ ркЦркмрк░ ркиркерлА рккркбркдрлА,ssuunn1974,NOT,@username The only fun in this situation is when the fool realizes that the fool knows nothing.
guj106,2023-05-27 16:07:41+00:00,ркмрк╛ркЧрк╛ркнрк╛ркИ ркдрлБркВ ркЧрлБркЬрк░рк╛ркдркирк╛ ркжрк░рлЗркХ рк▓рлЛркХрлЛ ркирлЗ рккрк╛ркЧрк▓ ркорлВрк░рлНркЦ ркирк╣рлАркВ рк╕ркоркЬркдрлЛ.. рк╣рлЛ ркнрк╛ркИ @url,md_bauddh,NOT,Bagabhai you will not understand all the people of Gujarat crazy .. Ho brother @url
guj107,2023-05-22 20:10:02+00:00,@username @username ркорк╕рлНркЬрк┐ркжрлЛ ркорк╛ркВ ркорк╣рк┐рк▓рк╛ рккрлНрк░рк╡рлЗрк╢ рккрк░ рккрлНрк░ркдрк┐ркмркВркз рк╡рк┐рк╢рлЗ рк╢рлБркВ ркХрлЗрк╣рк╡рлБ ркЫрлЗ ркдрк╛рк░рлБркВ рк▓ркЦрлЛркЯрк╛??,Black_Jack_RP,HOF,@username @username What do you think about banning women from entering mosques??
guj108,2023-05-21 11:53:46+00:00,"@username ркмркВркирлЗ ркЙркирлНркорк╛рк░рлНркЧрлА ркЫрлЗ.. ркПркХ ркЪрлЛрк░, ркдрлЛ ркмрлАркЬрлЛ ркзркВркЯрлАркЪрлЛрк░ ркЫрлЗ..",kalptaru192653,HOF,"@username Both are insane.. one is a thief, the other is a thief.."
guj109,2023-05-19 11:40:58+00:00,@username @username рк╕рк╛ркЪрлБркВ рккрлНрк░ркЬрк╛ ркорлВрк░рлНркЦ ркЬ ркЫрлЗ....,Digvijayjadav,NOT,@username @username real people are idiotsтАж.
guj110,2023-03-25 20:06:46+00:00,@username рккркг ркП ркЪрлЛрк░ ркирлЗ ркЪрлЛрк░ ркХрк╣рлЗркирк╛рк░ рккрлЛркдрлЗркЬ ркаркЧ рк╣рлЛркп ркдрлЛ....  ркаркЧ ркирк╛ ркЪрлЗрк▓рк╛ ркУ  ркЯрлНрк╡рлАркЯрк░ рккрк░ ркЖркпрлА ркирлЗ рк╡рлНркпркВркЧ ркХрк░рк╡рк╛ ркирлЛ ркирк╛ркХрк╛рко рккрлНрк░ркпрк╛рк╕ ркХрк░ркдрк╛ рк╣рлЛркп ркЫрлЗ.... ркмрк╛рк│ркХрлЛ.... ркЖрк╡рк╛ рк▓рлЛркХрлЛ ркирлА рк╡рк╛ркд ркиркЬркЕркВркжрк╛ркЬ ркХрк░рк╡рлА...,Akashpa09900811,NOT,@username But if the one who called the thief a thief is a thug himself....thug followers are trying in vain to satirize Ai on Twitter....kids....don't underestimate such people...
guj111,2023-05-20 12:20:44+00:00,"ркЕрк░рлНрке: - (ркоркирлБрк╖рлНркп ркзрк╛рк░рлЗ ркдрлЛ) ркоркЧрк░ркирк╛ ркорлБркЦркирлА ркжрк╛ркврлЛркорк╛ркВркерлА ркоркирк┐ ркмрк│рккрлВрк░рлНрк╡ркХ ркЦрлЗркВркЪрлА ркХрк╛ркврлА рк╢ркХрлЗ, ркКркЫрк│ркдрк╛ркВ ркорлЛркЬрк╛ркирлА рк╣рк╛рк░рлЛркерлА ркнрк░рккрлВрк░ ркжрк░рк┐ркпрк╛ркирлЗ ркдрк░рлА рк╢ркХрлЗ, рклрлБркВрклрк╛ркбрк╛ ркорк╛рк░ркдрк╛ (ркЧрлБрк╕рлНрк╕рлЗ ркеркпрлЗрк▓рк╛) рк╕рк╛рккркирлЗ рккркг рклрлВрк▓ркирлА (ркорк╛рк│рк╛ркирлА)тАМ ркорк╛рклркХ ркорк╕рлНркдркХ рккрк░ ркзрк╛рк░ркг ркХрк░рлА рк╢ркХрлЗ, рккрк░ркВркдрлБ рк╣ркарлЗ ркЪркврлЗрк▓рк╛ ркорлВрк░рлНркЦ ркорк╛ркгрк╕ркирк╛ ркоркиркирлЗ рккрлНрк░рк╕ркирлНрки ркХрк░рлА рк╢ркХрлЗ ркирк╣рк┐. (рлк)",nirmalpathak,NOT,"Meaning: - (If a man supposes) he can forcefully pull money from the molars of a crocodile's mouth, swim the sea full of necklaces of surging waves, carry even hissing (angry) snakes on his head like a (garland) of flowers, but of a foolish man with arms raised.Cannot please the mind.(4)"
guj112,2023-05-27 15:22:09+00:00,"ркзрлАрк░рлЗркирлНркжрлНрк░ ркП ркЧрлБркЬрк░рк╛ркдркирлА рккрлНрк░ркЬрк╛ркирлЗ рккрк╛ркЧрк▓ ркХрлАркзрлА ркдрлЛркп ркПркоркирлЗ ркдрк╛рк│рлАркУ рккрк╛ркбрлА ркЖ ркорлВрк░рлНркЦ рккрлНрк░ркЬрк╛ ркП. ркдрлЛ ркорлЗркВ ркЕркЦркВркб ркиркВркЧ ркХрлАркзрлБркВ. ркПркорк╛ркВ рк╣рк╡рлЗ рк╕рк╛ркорлЗркерлА рк╣рк╛ркЬрк░рлА рккрлБрк░рк╛рк╡рк╡рк╛ ркЖрк╡рлЗ ркЫрлЗ ркХрлЗ рк╣рк╛, ркдркорлЗ ркЬрлЗ ркЕркЦркВркб ркиркВркЧ ркХрлАркзрлБркВ ркП ркЕркорлЗ ркЬ.  1 @url",Bharatiya_1516,HOF,"When Dhirendra called the people of Gujarat mad, he applauded them, these stupid people.So I said the whole number.It now comes to prove the presence from the front that yes, we are the integral number you said.1 @url"
guj113,2023-05-26 17:30:00+00:00,"рккрк╛рк░ркХрлА рккркВркЪрк╛ркд : ркЬрк╛ркгрлЛ ркХрлНркпрк╛ркВ рк╢рлБркВ рк░ркВркзрк╛ркИ рк░рк╣рлНркпрлБркВ ркЫрлЗ, рккрк╛ркЯрлАрк▓рлЗ ркХрлЗркЯрк▓рк╛ркпркирк╛ ркзркмркХрк╛рк░рк╛ рк╡ркзрк╛рк░рлНркпрк╛!; ркЪрк┐ркВркдрки рк╢рк┐ркмрк┐рк░ркорк╛ркВ рк░рк╛ркШрк╡ркЬрлА ркмркЧркбрлНркпрк╛!; ркирк╡рк╛ ркирк┐рк╢рк╛рк│рк┐ркпрк╛ ркЕркзрк┐ркХрк╛рк░рлАркУркирк╛ ркХрк╛рк░ркгрлЗ ркзрк╛рк░рк╛рк╕ркнрлНркпрлЛркирлЗ ркХркиркбркЧркд!  
@url
Download DivyaBhaskar App : @url   
#Gujarat | #ParkiPanchat  | #CRPatil @url",Divya_Bhaskar,NOT,"Parki Panchayat: Learn what is going on, Patil raised some beats!Raghavji deteriorated in the contemplation camp!;Legislators harassment due to new nuclear officers!@urldownload Divyabhaskar App: @url #gujarat |#Parkipanchat |#Crpatil @url"
guj114,2023-05-27 14:45:02+00:00,"ркЖ ркорк╛ркгрк╕ рккрлНрк░ркЧркЯрлЗ ркЫрлЗ ркЕркоркирлЗ ркдрлЗркирк╛ ркЬрлЗрк╡рк╛ рк╡ркзрлБ ркирлЗркдрк╛ркУркирлА ркЬрк░рлВрк░ ркЫрлЗ.  рк╕рлАркзрлА ркмрк╛ркд, ркирк╛ ркмркХрк╡рк╛рк╕!  ркдркорк╛рк░рк╛ ркорк╛ркЯрлЗ рк╡ркзрлБ рк╢ркХрлНркдрк┐ рк╕рк╛рк╣рлЗркм!
 #HimantaInAapKiAdalat",Lv639154Verma,NOT,"This man shines. We need more leaders like him.Straight talk, no bullshit!More power to you sir!#HimantaInAapKiAdalat"
guj115,2023-05-28 03:25:48+00:00,"@username @username ркШркиркЪркХрлНркХрк░ ркХрлЗ ркорки ркХрлА ркмркХрк╡рк╛рк╕. 
ркжрк┐ркорк╛ркЧ ркЙрккрк░ ркЕркарлЛркбрк╛.",CareMyIndia,HOF,@username @username Ghanchakkar ke mind ki bakwas.Rise above the mind.
guj116,2023-05-19 07:25:44+00:00,@username @username @username @username @username ркорлВрк░рлНркЦ ркирлЗ ркХрлЗ ркмрк┐рк▓рлНркХрк┐рк╕ркирк╛ рк░рлЗрккрк┐рк╕рлНркЯ ркирлЗ ркЫрлЛркбрлА ркжрлЗрк╡рк╛рк╢рлЗ ркдрлЛ ркЪрк╛рк▓рк╢рлЗ ????,Bharatiya_1516,NOT,@username @username @username @username @username fools or bilkis reps will be left ????
guj117,2023-05-27 04:07:05+00:00,"@username ркдркорк╛рк░рлЗ рк╢ркВркХрк░рк╛ркЪрк╛рк░рлНркп рк╡рк┐рк╢рлЗ рккркг ркХркВркИркХ ркмрлЛрк▓рк╡рлБркВ ркЬрлЛркИркП ркПркоркгрлЗ рккркг ркзрк┐рк░рлЗркирлНркжрк░ рккрк░ рк╕рк╡рк╛рк▓рлЛ ркХрк░рлНркпрк╛ ркЫрлЗ.
ркжрлЗрк╢ркорк╛ркВ рк▓рк╛ркЦрлЛ ркХркерк╛ркХрк╛рк░рлЛ ркЫрлЗ.
ркЖ рк▓рлБркЦрлНркЦрлЛ ркЬрлЗ ркоркВркЪ рккрк░ркерлА ркоркирклрк╛рк╡рлЗ ркПрко ркмрлЛрк▓рлЗ ркЫрлЗ ркПркирк╛ рк╡рк┐рк░рлЛркзркерлА ркХрлЛркИ рк╣рк┐ркирлНркжрлБ рк╡рк┐рк░рлЛркзрлА ркХркИ рк░рлАркдрлЗ ркеркИ ркЬрк╛ркп ркЫрлЗ???
ркЬрлЛ ркЫрлЛркХрк░рк╛ркВ ркмркЧркбрлЗ ркдрлЛ ркорк╛ркВ ркмрк╛ркк рккрк╛ркбрлЛрк╢рлА ркирлЗ ркПрко ркирк╛ ркХрк╣рлЗ ркХрлЗ ркПркирлЗ ркХркВркИ ркирк╛ ркХрлЗркЬрлЛ.
рккрлЗрк▓рк╛ ркШрк░ркирк╛ркирлЗ ркарккркХрлЛ ркЖрккрлЗ.",AK_Ahir123,HOF,@username You should also say something about Shankaracharya. He also asked questions about Dhirender. There are lakhs of narrators in the country. How can a person become an anti-Hindu by protesting against this guy who speaks from the platform as Manfave?Don't tell the neighbor not to do anything to him. Reprimand that house.
guj118,2023-05-19 09:47:06+00:00,"ркЖ рк╣ркЬрлБркВ ркХрлЛркирк╛ ркмрк╛ркк ркирк╛ркВ ркЯрлНрк░ркХ рккркХркбрк╛ркп ркЫрлЗ.
ркирлЗ ркирк╡рк░рлА ркмркЬрк╛рк░рлБ ркирлЗ ркжрк┐рк▓рлНрк╣рлА ркирлЛ рк╡рк╣рк┐рк╡ркЯ ркХрк░рк╡рлЛ ркЫрлЗ. @url",Veena_Rajput_,HOF,Whose father's truck is still caught. He has to manage Navri Bazaar and Delhi.@url
guj119,2023-05-27 06:29:21+00:00,"рк╕рлНркорк╛рк░рлНркЯ рк╕рк┐ркЯрлА рк╡ркбрлЛркжрк░рк╛ркирлБркВ рккрк╛рк▓рк┐ркХрк╛ркирлА ркУркирк▓рк╛ркЗрки рк╡рлНркпрк╡рк╕рлНркерк╛ркирлЛ рк╣рк╛рк╕рлНркпрк╛рк╕рлНрккркж ркиркорлБркирлЛ, рклрк░рк┐ркпрк╛ркж ркЧркорлЗ ркдрлЗркЯрк▓рлА рк╡ркЦркд ркХрк░рлЛ ркЬрк╡рк╛ркм ркПркХ ркЬ ркорк│рк╢рлЗ (VIDEO)

рккрк╛рк▓рк┐ркХрк╛ркирлА ркУркирк▓рк╛ркЗрки ркХрк╛рк░рлНркпрк░ркд ркЯрлАркоркирлЗ ркЧрлНрк░рлАрк╡ркирлНрк╕ ркорлЗркирлЗркЬркорлЗркирлНркЯркирк╛ рк╡ркзрлБ ркЕркнрлНркпрк╛рк╕ркирлА ркЬрк░рлВрк░ ркЫрлЗ, ркЕркерк╡рк╛ ркдрлЛ рккрк╛рк▓рк┐ркХрк╛ркирлЗ ркЕркирлБркнрк╡рлА ркЯрлАркоркирлА ркЬрк░рлВрк░ ркЫрлЗ

ркХрлЛркорлЗркирлНркЯркорк╛ркВ ркЬркгрк╛рк╡рлЛ ркдркорк╛рк░рлЛ ркЕркирлБркнрк╡ ркХрлЗрк╡рлЛ рк░рк╣рлНркпрлЛ ркЫрлЗтАж @url @url",iamVadodara,NOT,"Ridiculous example of Smart City Vadodara's Palika online system, No matter how many times you complain, you will get the same response (VIDEO) Palika's online working team needs more training in Grievance Management, Or Palika needs an experienced team Comment what your experience has beenтАж @url @url"
guj120,2023-03-25 18:49:43+00:00,"@username @username @username ркЧрлБркЬрлНркЬрлБ рк▓рлЛркХрлЛркорк╛ркВ ркЕркХрлНркХрк▓ рк╣рлЛркд ркдрлЛ ркЖркЬрлЗ рк╡рк╛рк╣рк┐ркпрк╛ркд PM ркирк╛ рк╣рлЛркд ркжрлЗрк╢ ркорк╛ркВ.

рк╣рлБркВ ркЕрк▓ркЧ ркЧрлБркЬрлНркЬрлБ ркЫрлБркВ, ркЦрлБркорк╛рк░рлА рк╡рк╛рк│рлЛ, ркЧрк░рлНрк╡ ркЫрлЗ ркорлЛркжрлА ркирлЗ ркзрк┐ркХрлНркХрк╛рк░рлБ ркЫрлБркВ.",SatyaSodh,HOF,"@username @username @username if there was a wisdom among the people of Gujju, today there would be absurd PM in the country."
guj121,2023-05-28 02:53:57+00:00,ркЯрлЛркЯрлА ркЪрлЛрк░ рк╣рк░рк╛ркоркЦрлЛрк░ @url,DhairyaMakwana7,HOF,Cock Thief Haramkhor @url
guj122,2023-05-23 13:03:44+00:00,"ркоркХрк░рккрлБрк░рк╛ GIDCркорк╛ркВ ркнрк░ ркмрккрлЛрк░рлЗ ркдрлНрк░рк╛ркЯркХрлНркпрк╛ ркЪрлЛрк░, ркХркВрккркирлАркорк╛ркВркерлА ркеркЗ рк▓рлЛркЦркВркбркирк╛ рккрк╛ркИрккркирлА ркЪрлЛрк░рлА

#Gujarat #News18GujaratiNo1 #Vadodara @url",News18Guj,NOT,"Thieves struck Makarpura GIDC in the afternoon, stole iron pipes from the company #Gujarat #News18GujaratiNo1 #Vadodara @url"
guj123,2023-05-20 03:00:50+00:00,"@username @username @username ркпрк╣ рк╣ркмрлА ркХрлНркпрк╛ рк╣рлЛркдрк╛ рк╣рлИ?
рк╣ркирлА  ркПркЯрк▓рлЗ ркоркз
ркмрлА ркПркЯрк▓рлЗ ркоркзркорк╛ркЦрлА 
ркЕркирлЗ 
рк╣ркмрлА ркПркЯрк▓рлЗ ркнркорк░рлЛ????
ЁЯдгЁЯдгЁЯдгЁЯЩПЁЯдгЁЯдгЁЯдг",ahpjpatel,NOT,@username @username @username yah hubby kya hota hai? Honey means honey means bee and hubby means bumblebee?????ЁЯдгЁЯдгЁЯдгЁЯЩПЁЯдгЁЯдгЁЯдг
guj124,2023-05-20 05:25:00+00:00,"@username @username рк╣рк╛.... рк╣рлЛ.. ркЫрлЛркХрк░рк╛ ркУ ркирлЗ ркдркорлЗ ркЧркзрлЗркбрк╛ ркдрлЛ
ркмркирк╛рк╡рлА ркжрлАркзрк╛
ркмрк┐ркЪрк╛рк░рлА ркЧрк╛ркпрлЛ ркдрлЛ рк░рлЛркб рк░рк╕рлНркдрк╛ ркУ рккрк░ ркПркХрлНрк╕рлАркбрлЗркирлНркЯ ркирлБ ркХрк╛рк░ркг ркмркирлЗ ркП ркирлБ рк╢рлБркВ....",dharaviya_77135,NOT,@username @username Yes ...
guj125,2023-05-20 04:43:34+00:00,@username ркЕрк▓рк╛ ркЧрлЛрккрк╛рк▓рлАркпрк╛ рккрк╛ркЫрлЛ ркФркХрк╛ркд ркирлА ркмрк╣рк╛рк░ ркнрк╕рлАркУ... ркЪркбрлНркбрлА ркорк╛ркВ рк░рлЗ ...рккрк╣рлЗрк▓рк╛ ркПркХрк╛ркж ркЪрлВркВркЯркгрлА ркдрлЛ ркЬрлАркдрлА ркмркдрк╛рк╡..ркЦрлЛркЯрлА ркбркВрклрк╛рк╢рлЛ ркорк╛рк░рлЗ ркЫрлЗ...ркЪрлЛрк░,goldy_shroff,HOF,@username Ala Gopalia wanders back outside of Akat ... Ray in Tshadi ... first won a single election.
guj126,2023-05-27 06:41:59+00:00,"@username @username ркнрк╛ркИ ркЧркзрлЗркбрк╛ркВ ркирлЗ ркЧркзрлЗркбрк╛ ркХрлАркзрк╛ ркПркорк╛ркВ рк▓рк╛ркЧркгрлА ркирк┐ рк╡рк╛ркд ркХрлНркпрк╛ркВ ркЖрк╡рк┐ ркЖркЦрлА ркжрлБркирк┐ркпрк╛ ркЧрлБркЬрк░рк╛ркдрлА ркЧрк╛ркВркбрк╛ рк╣рлЛркпрлЗ ркЫрлЗ ркПрко ркЬ ркУрк▓ркЦрлЗ ркЫрлЗ
рк╕рк▓ркорк╛рки ркЦрк╛ркирлЗ ркХрлАркзрлБркВ ркХрлЗ ркЧрлБркЬрк░рк╛ркдрлА ркЧрк╛ркВркбрлЛ ркеркИ ркЧрлНркпрлЛ ркдрлЛ ркХрк░рлЛркбрлЛ ркирк┐ ркЯрк┐ркХрк┐ркЯ рк▓рлАркзрлА ркирлЗ рк╣ркЬрлБ ркЧрк░ркмрк╛ рк░ркорлЗ ркЧркзрлЗркбрк╛ркВ ркирк╛ркВ ркЧрк╛ркирк╛ ркЙрккрлНрккрк░. рккрк╛ркЧрк▓,ркЧркзрлЗркбрк╛ркВ, ркЧрк╛ркВркбрк╛ ркмркзрк╛ ркирлЛ ркоркдрк▓ркм ркПркХркЬ ркХрк╣рлЗрк╡рк╛ркп.
ркЖ ркмрк╛рк╡рлЛ ркдрлЛ ркорлЛркврк╛ ркорк╛ркерлЗ ркХрлАркзрлБркВ ркирлЗ",KajiNarendra,HOF,"@username @username Bhai Gadhedan ne Gadheda said, where is the emotion or talk in it? The whole world is Gujarati crazy. Salman Khan said that if Gujarati has gone crazy, crores have not taken tickets and still Garba Rame Gadhedan na Gana Uppar.Crazy, donkey, crazy all mean the same thing."
guj127,2023-03-25 20:16:27+00:00,@username ркЖ рк▓рлЛркХрлЛ ркорк╛ркЯрлЗ ркирк╡рк╛ ркирк╡рк╛ рк▓рлЛрк▓рлАрккрлЛркк ркмркиркдрк╛ ркЬ рк░рлЗркдрк╛ рк╣рлЛркп ркЫрлЗ 5 ркХрк┐рк▓рлЛ рклрлНрк░рлА рк╣рк░рк╛рко ркирлБркВ ркЕркирк╛ркЬ ркЦрк╛ркИ ркирлЗ ркЕркЦркВркб ркнрк╛рк░ркд ркмркирк╛рк╡рк╡рк╛ ркирлБркВ ркЫрлЗ ЁЯдгЁЯЩП,n3679988,NOT,"@username For these people, new lollipops are being made. 5 kg of free haram grains are to be made and India is to be made ЁЯдгЁЯЩП"
guj128,2023-05-25 04:24:14+00:00,"ркЦрлБрк▓рлНрк▓рлБркВ ркШрк░ ркирк┐рк╢рк╛рки ркмркирк╛рк╡ркдрлЛ ркдрк╕рлНркХрк░ ркЭркмрлНркмрлЗ !ркорлЛрк░ркмрлА ркХрлНрк░рк╛ркЗрко ркмрлНрк░рк╛ркирлНркЪрлЗ 2 ркЪрлЛрк░ ркЭркбрккрк╛ркпрк╛
 @url",MorbiUpdate,NOT,Smuggler Jabbe targeting an open house! Morbi Crime Branch nabs 2 thieves @url
guj129,2023-03-25 19:58:15+00:00,рк╢рк┐ркирлНркЭрлЛ ркЖркмрлЗ ркорлВрк░рлНркЦ ркЫрлЗ,akaruisekai_100,HOF,Shinzo Abe is an idiot
guj130,2023-05-27 06:33:15+00:00,@username @username ркЖрк╡рк╛ ркирлЗ ркжрк▓рк╛рк▓ ркХрк╣рлЗрк╡рк╛ркп рк╕ркдрлНркдрк╛ ркирк╛ркВ ркЪркдрлБркХрк░рлЛ,DhavalP67910501,HOF,@username @username such as a broker
guj131,2023-05-27 15:38:20+00:00,"@username ркорки ркХрлА ркмрк╛ркд рк╕ркВркнрк╛рк│рлА рк▓рлЗрк╡рк╛ркп ркПркХ рк╡рк╛рк░, ркмрк╕ ркдрлБркВ ркирк╡рк░рлА ркХрлНркпрк╛ркВ ркерк╛рк╕ ркЖрк╡рлА ркЪркоркЪрк╛ ркЧрк┐рк░рк┐ ркХрк░рк╡рк╛ркорк╛ркВркерлА ркдрлЛ ркЦркмрк░ рк╣рлЛркп ркирлЗ. ркЦрк░рлЗркЦрк░ ркоркВркжркмрлБркжрлНркзрк┐ ркдрк╛рк░рк╛ ркЬрлЗрк╡рк╛ ркЫрлЗ ркжрлБркирк┐ркпрк╛ ркорк╛ркВ ркПркЯрк▓рлЗ ркЖ рккрккрлНрккрлБ ркирлБркВ рк╣рк╛рк▓рлЗ ркЫрлЗ. @url",ShyamKamdar,NOT,"@username Mana ki baat is taken care of once, but you know where you are by spooning like this.Indeed, the dull mind is like you in the world, so this is Pappu's situation.@url"
guj132,2023-05-26 18:44:22+00:00,@username @username PM ркорлЛркжрлАркЬрлАркП ркдрлЛ 8 ркЬ рк╡рк░рлНрк╖ркорк╛ркВ ркжрлЗрк╢ркирлА рк╣рк╛рк▓ркд ркЦрк░рк╛ркм ркХрк░рлА. ркирк╡рк╛ ркирк╡рк╛ ркЯрлЗркХрк╕ ркирк╛ркЦрлА ркЬркиркдрк╛ркирлЗ рк▓рлВркВркЯрлЗ рк░рк╛ркЦрлЗ ркЫрлЗ. ркЬрлЗ ркЬркиркдрк╛ркирлЗ рк▓рлВркВркЯрлЗ ркдрлЗ ркЪрлЛрк░ ркХрк╣рлЗрк╡рк╛ркп.,DasManan1,HOF,@username @username PM Modi made the condition of the country worse in just 8 years.They are robbing the public by imposing new taxes.One who robs the public is called a thief.
guj133,2023-05-19 15:46:33+00:00,@username @username рк╕рк░ркХрк╛рк░ ркирк╡рк░рлА ркзрлВркк ркЫрлЗ ркЕркирлЗ рк▓рлЛркХрлЛркирлА рккркдрлНркдрк░ ркарлЛркХрлЗ ркЫрлЗ,krishsnehal001,HOF,@username @username Govt is navari dup and knocks people's mail
guj134,2023-03-25 16:40:49+00:00,"@username рк╢рк┐ркХрлНрк╖ркХ :- ркмрк╛рк│ркХрлЛ 2023 ркорк╛ркВ ркирк╡рлБркВ рк╢рлБркВ рк╢рлАркЦрлНркпрк╛?

рк╡рк┐ркжрлНркпрк╛рк░рлНркерлАркУ:- ркПркХ ркЪрлЛрк░ ркирлЗ ркЪрлЛрк░ ркХрк╣рлЛ ркдрлЛ ркмрлАркЬрлЛ ркЪрлЛрк░ ркорк╛ркирк╣рк╛ркирк┐ ркирлЛ ркжрк╛рк╡рлЛ ркорк╛ркВркбрлА рк╢ркХрлЗ ....
ЁЯдгЁЯдгЁЯТпЁЯСЖ",BharatP39350663,NOT,"@username Teacher :- What new did children learn in 2023? Students :- Call one thief a thief, another thief can sue for defamation....ЁЯдгЁЯдгЁЯТпЁЯСЖ"
guj135,2023-05-24 04:24:56+00:00,@username ркоркирлЗ рк╢рлБркВ ркХрк╛рко ркмрлНрк▓рлЛркХ ркХрк░рлНркпрлЛ ркЖ рк▓ркЦрлЛркЯрк╛ ркирлЗ ркдрлЛ рк╣рлБркВ рккрк╣рлЗрк▓рлА рк╡рк╛рк░ ркЬрлЛрк╡ ркЫрлБркВ ЁЯдФЁЯдФЁЯдФ,UPSCKathiyawadi,HOF,@username what worked me work this Lakhota I am watching for the first time.
guj136,2023-03-25 09:26:45+00:00,"@username @username ркХркВркИ ркнрлВрк▓? ркЪрлЛрк░ ркирлЗ ркЪрлЛрк░ ркХрлАркзрк╛ ркП ркнрлВрк▓? рк╡рк╛рк╣рк╣.
ркирк╛рко рк▓ркЗ ркирлЗ ркХрлАркзрлБркВ ркдрлБркВ ркХрлЗ рк▓рк▓рк┐ркд ркорлЛркжрлА, ркирлАрк░рк╡ ркорлЛркжрлА, ркирк░рлЗркирлНркжрлНрк░ ркорлЛркжрлА.
рк╣рк╡рлЗ ркмркзрк╛ ркорлЛркжрлА ркЬ рк╣ркдрк╛ ркПркорк╛ркВ ркХрлЛркИ ркЬ рк╢рлБ ркХрк░рлЗ? ркХркжрк╛ркЪ рккрлВрк░рлНркгрк╢ ркорлЛркжрлА ркирлЗ ркПркирлБркВ ркирк╛рко ркирк╛ рк▓рлАркзрлБркВ ркПркирлБркВ ркЦрлЛркЯрлБркВ рк▓рк╛ркЧрлНркпрлБркВ.
ркмрк╛ркХрлА ркмркзрк╛ ркЬрк╛ркгрлЗ ркЬ ркЫрлЗ ркХрлЗ рк░рк╛рк╣рлБрк▓ ркЧрк╛ркВркзрлА ркирлЛ ркХрк╣рлЗрк╡рк╛ркирлЛ ркЙркжрлНркжрлЗрк╢ ркмрлАркЬрлЛ ркЬ рк╣ркдрлЛ.
рккркг ркЖркдрлЛ ркбрк░ рк╕рк╛рк╣рлЗркм ркирлЛ ркбрк░",Mayur23_Oxygen,NOT,@username @username Any mistake?Is a thief and a thief a mistake?Wow.Perhaps Purnash Modi did not name his name. The other is that the purpose of saying Rahul Gandhi was another.
guj137,2023-05-22 04:18:52+00:00,@username @username ркПркоркирлЛ ркзркВркзрлЛ ркЬ ркЫрлЗ... рки ркХрк░рк╡рк╛ркирлА рккркВркЪрк╛ркд ркЬ ркХрк░рк╡рлА,warrior_yash,HOF,@username @username is their business ...
guj138,2023-05-19 17:47:48+00:00,@username ркирлЛркЯркмркВркзрлАркирлЛ ркирк┐рк░рлНркгркп ркЬ рк╕рк╛рк╡ ркмркХрк╡рк╛рк╕ рк╣ркдрлЛ. рк╣рк╡рлЗ ркзрлАрк░рлЗ ркзрлАрк░рлЗ ркнрлВрк▓ рк╕ркоркЬрк╛ркИ.,DPPATEL10098865,NOT,The decision to @username the notation was a bit nonsense.Now slowly explained the mistake.
guj139,2023-05-19 19:53:08+00:00,"@username ркЖ ркХрлНрк▓рк╛рк╕ рлй ркирлА рккрк░рлАркХрлНрк╖рк╛ ркирк╛ ркирк┐ркпрко ркЬрлЛркИ ркирлЗ ркирк╛ркпркХ рклрк┐рк▓рлНрко ркирлЛ ркПркХ ркбрк╛ркпрк▓рлЛркЧ ркпрк╛ркж ркЖрк╡рлЗ ркЫрлЗ 
ЁЯШбЁЯШбрк╕ркм ркХрлЗ рк╕ркм ркЪрлЛрк░ рк╣рлЗ рк╕рк╛рк▓рлЗ ЁЯШбЁЯШб",sureshn25559831,HOF,@username Looking at this class 3 exam rule reminds me of a dialogue from Nayak movie ЁЯШбЁЯШбSab Ke Sab Chor Hai Salle ЁЯШбЁЯШб
guj140,2023-05-26 14:01:07+00:00,ркЖркЬ рк░рлЛркЬ ркорк╛рк░рк╛ ркХрк╛рк░рлНркпрк╛рк▓ркп ркЦрк╛ркдрлЗ ркдрк│рк╛ркЬрк╛ ркдрк╛рк▓рлБркХрк╛ркирк╛ рк╕рк░ркдрк╛ркирккрк░ ркмркВркжрк░ ркЧрк╛ркоркирк╛ркВ рк▓рлЛркХрлЛркирк╛ рккрлНрк░рк╢рлНркирлЛ /рк░ркЬрлВркЖркд рк╕рк╛ркВркнрк│рлА ркЕркирлЗ ркЭркбрккркерлА ркирк┐рк░рк╛ркХрк░ркг рк▓рк╛рк╡рк╡рк╛ ркорк╛ркЯрлЗ ркЦрк╛ркдрлНрк░рлА ркЖрккрлА! @url,Gautambhaibjp,NOT,Today at my office I listened to the queries/reports of the people of Sartanpar Bandar village of Talaja taluka and assured to solve them quickly!@url
guj141,2023-05-27 11:08:15+00:00,@username рк╡рк╛рк╣рк┐ркпрк╛ркд рк╡рк┐рк╡рк╛ркж ркЫрлЗ...ркЕркирлЗ ркорк┐ркбрк┐ркпрк╛ ркдрлЗркорк╛ркВ рк╣рк╡рк╛ ркнрк░рк╡рк╛ркирлБркВ ркХрк╛рко ркХрк░рлЗ ркЫрлЗ...,JaydeepsinhJv,NOT,@username There is a nonsense controversy...and the media does a job of fanning it...
guj142,2023-05-21 10:11:58+00:00,"рк░рк╛ркЬркХрлЛркЯ: рккрлЛрк▓рлАрк╕ ркХрк╕рлНркЯркбрлАркорк╛ркВркерлА ркЪрлЛрк░ рклрк░рк╛рк░, рккрк╛ркИрккркерлА ркирлАркЪрлЗ ркЙркдрк░рлА ркЖрк░рлЛрккрлА ркнрк╛ркЧрлА ркЬркдрк╛ ркжрлЛркбркзрк╛рко 

#Gujarat #news18gujaratino1 #Rajkot @url",News18Guj,NOT,"Rajkot: Thief escapes from police custody, accused runs away after going down the pipe #Gujarat #news18gujaratino1 #Rajkot @url"
guj143,2023-05-23 04:49:28+00:00,"рк░рк╛ркЬркХрлЛркЯ: ркХрк╕рлНркЯркбрлАркорк╛ркВркерлА ркЪрлЛрк░ ркнрк╛ркЧрк╡рк╛ркирлЛ ркорк╛ркорк▓рлЛ

рк▓рлЛркХркЕрккркорк╛ркВркерлА ркЪрлЛрк░ ркнрк╛ркЧрлА ркЬркдрк╛ ркХрк╛рк░рлНркпрк╡рк╛рк╣рлА

A-ркбрк┐рк╡рк┐ркЭркиркирк╛ ASI рк╕рк╕рлНрккрлЗркирлНркб

ASIркП рк▓рлЛркХркЕрккркорк╛ркВркерлА ркХрк╛ркврлА рк╕рлАркбрлА рккрк░ ркмрлЗрк╕рк╛ркбрлНркпрлЛ рк╣ркдрлЛ

ркЧркд рк╢ркирк┐рк╡рк╛рк░рлЗ ркЪрлЛрк░рлАркирлЛ ркЖрк░рлЛрккрлА рклрк░рк╛рк░ ркеркпрлЛ рк╣ркдрлЛ
#News18GujaratiNo1 #RAJKOT #Police",News18Guj,NOT,Rajkot: Case of thief escaping from custody Action on thief escaping from lockup ASI of A-Division suspended ASI took him out of lockup and put him on the stairs Last Saturday the accused of theft escaped #News18GujaratiNo1 #RAJKOT #Police
guj144,2023-05-23 02:49:12+00:00,@username ркЖ ркХрлЛрк╣рк▓рлА ркирк╛ рк▓рлБркЦрлНркЦрк╛ркУ ркирлБркВ ркХрк╛рко.. рк╣рк╛рк░ рк╕рк╣рки ркиркИ ркХрк░рлА рк╢ркХркдрлЛ ркЖ рк▓рлБркЦрлНркЦрлЛ ркХрлЛрк╣рк▓рлА,j5ceNr6lxIjAT2W,HOF,@username the work of this Kohli's looters .. Can't bear the defeat
guj145,2023-05-22 12:54:10+00:00,@username @username @username @username ркПрк▓рк╛ ркЖ ркЕркорк╛рк░рлА ркПркХркдрк╛ ркЫрлЗ. ркдрк╛рк░рк╛ ркЬрлЗрк╡рк╛ ркЧркзрлЗркбрк╛ ркирк╛ рк▓рк┐ркирлНркбрк╛ ркирлА ркЬрлЗрко рк╡рлЗрк░рк╛ркИ ркЧркпрлЗрк▓рк╛ ркиркерлА. ркПркХ ркЯрлНрк╡рлАркЯ ркХрк░рлЗ ркПркЯрк▓рлЗ ркЖркЦрлБркВ ркЧрк╛рко ркдркорк╛рк░рлА ркЧрлЛркЦрк▓рлЛ ркХрк░рк╡рк╛ ркЖрк╡рлА ркЬ ркЬрк╛ркп. ркПркХ ркЪрлЛркХрлНркХрк╕ рк╡рк┐ркЪрк╛рк░ркзрк╛рк░рк╛ рк▓ркИ ркирлЗ ркЪрк╛рк▓рлАркП ркЫрлАркП. ркЬрлЛ ркдркирлЗ ркХрлЛркИ рккрк╛рк░рлНркЯрлА ркирлА рк╡рк┐ркЪрк╛рк░ркзрк╛рк░рк╛ ркирк╛ ркЧркоркдрлА рк╣рлЛркп ркдрлЛ рккрк╛ркХрк┐рк╕рлНркдрк╛рки ркнрлЗркЧрк╛ ркеркИ ркЬрк╡рк╛ркп ркдрк╛рк░рлЗ. ркмрк╛ркХрлА ркЖркпрк╛ ркмрк│ркдрк░рк╛ ркдрлЛ рк░рлЗрк╣рк╡рк╛ркирлА ЁЯФеЁЯФеЁЯФеЁЯФеЁЯФе,chattansinh,HOF,"@username @username @username @username Ella this is our unity.Donkeys like you are not as spoiled as Linda.If you do one tweet, the whole village will come to mock you.We walk with a certain ideology.If you don't like the ideology of any party, then join Pakistan.If the rest is irritating then stay ЁЯФеЁЯФеЁЯФеЁЯФеЁЯФе"
guj146,2023-05-25 12:23:45+00:00,"рк╕рк╕рлНркдрлА рккркмрлНрк▓рк┐рк╕рк┐ркЯрлА ркорк╛ркЯрлЗ рк▓рк╡рк╛ркпрлЗрк▓рк╛ ркЪрк┐ркдрк╛ ркПркХ рккркЫрлА ркПркХ ркнрлЛркЧ ркмркирк╡рк╛ рк▓рк╛ркЧрлНркпрк╛ ркЫрлЗ..

ркХрлНркпрк╛ркВ ркЫрлЗ ркЧрлЛркжрлА ркорк┐ркбрк┐ркпрк╛ ркЬрлЗ ркЖркЦрлЛ ркжрк┐рк╡рк╕ ркЧрлБркг ркЧрк╛рки ркЧрк╛рк╡рк╛ ркорк╛ркерлА ркирк╡рк░рлА ркирк╣ркдрлА..

ркЖркирк╛ ркорк╛ркЯрлЗ ркЬрк╡рк╛ркмркжрк╛рк░ ркХрлЛркг ркЧрлЛркжрлА ркорлАркбрк┐ркпрк╛ ркХрлЗ рккркЫрлА ркмрлАркЬрлБркВ ркХрлЛркИ ЁЯдФЁЯдФ @url",_NiRaLi_Solanki,HOF,Cheetahs for cheap publicity are starting to become victims. Where is Dock Media who did not want to sing the virtues all day. Who is responsible for this?
guj147,2023-05-25 11:17:03+00:00,@username ркЪрлЛрк░ рк▓рлВркВркЯрк╛рк░рк╛ркУ ркЕркирлЗ рк░рлАркврк╛ ркЧрлБркирлЗркЧрк╛рк░рлЛ ркорк╛ркВ ркЦрлБрк╢рлА ркирлЛ ркорк╛рк╣рлЛрк▓.,HGsrtc,HOF,@username thieves and pleasures in rigid criminals.
guj148,2023-03-25 11:15:09+00:00,@username ркЪрлЛрк░ ркЪрлЛрк░рлА ркХрк░ркХрлЗ ркЪрк┐ркбрк╛ркдрк╛ ркмрк╣рлБркд рк╣рлЗ ркУрк░ ркП ркХрлЛркЧрлНрк░рлЗрк╕ ркирлЗ рк╕рк╛ркмрк┐ркд ркХрк░ ркжрлАркпрк╛ ркХрлЗ ркХрлЛркЧрлНрк░рлЗрк╕ ркирлЗ ркЪрлЛрк░рлА ркХрлА рк╣рлИ ркП ркЬркиркдрк╛ ркЬрк╛рки ркЪрлБркХрлА рк╣рлЗ,gagjibhai_p,NOT,@username Many people are annoyed by thieves stealing or they have proved to the congress that the people have lost their minds.
guj149,2023-05-19 05:20:55+00:00,@username рк╡рк┐рк░рк╛ркЯ рк╣рк┐ркирлНркжрлБ ркирлЗ ркЧркИ рк░рк╛ркд ркирлЛркВ ркЙркЬрк╛ркЧрк░рлЛ рк╕рлЗ...рк╕рлВрк╡рк╛ ркжрлЗ ркЕркп рк▓рлЛркбрк╛,Are_O_Sambha,HOF,@username Virat Hindu last night's light ... Suwa de ay loda
guj150,2023-05-20 15:37:46+00:00,"@username @username рк╕рлБ ркмркХрк╡рк╛рк╕ ркХрк░рлЛ ркЫрлЛ ркХрк╛ркХрк╛, ркмркзрк╛ркирлЗ ркЦркмрк░ ркЫрлЗ ркЖ рк▓рлЛркХрлЛ ркмрк╛ркЗркбркирлЗ рк╕рлАркорк╛ ркЦрлЛрк▓рк╡рк╛ркирк╛ рк╕ркорк╛ркЪрк╛рк░ рк╕рк╛ркВркнрк│рлАркирлЗ ркЧркпрк╛ ркЫрлЗ, ркЧрлБркЬрк░рк╛ркдркирлА рк╕рлНркерк┐ркдрк┐ркирлЗ ркЖркирк╛ркерлА ркХрлЛркЗ рк▓рлЗрк╡рк╛-ркжрлЗрк╡рк╛ ркиркерлА.
ркмрк╛ркХрлА ркнрк╛ркЗркЪрк╛рк░рк╛ркирк╛ ркбрлНрк╣рлЛрк│ркорк╛ркВ ркЧрк│рлБркВ ркХрлЗ рк▓ркВркб ркХрккрк╛рк╡рк╡рк╛ркерлА ркХркВркЗ ркЕрк░рлНркеркдркВркдрлНрк░ рк╕рлБркзрк░рк╡рк╛ркирлБркВ ркиркерлА, рк╕рк░ркХрк╛рк░ркирлА ркирлАркдрк┐ ркЕркирлЗ ркирк╛ркЧрк░рк┐ркХркирк╛ рккрк░рк┐рк╢рлНрк░ркоркерлА рк╕рлБркзрк░рк╢рлЗ ркЕркирлЗ ркнрк╛ркЬрккркирк╛ ркирлЗркдрлГркдрлНрк╡ркорк╛ркВ рк╕рлБркзрк░рлЗ ркЫрлЗ ркп.",before_post,HOF,"@username @username Su Baksh Kaka, everyone knows these people have gone to hear the news of opening the border, Gujarat has nothing to do with this.And the BJP leadership improves."
guj151,2023-05-27 14:45:29+00:00,"ркЕркоркирлЗ ркдрлЗркоркирк╛ ркЬрлЗрк╡рк╛ рк╡ркзрлБ ркирлЗркдрк╛ркУркирлА ркЬрк░рлВрк░ ркЫрлЗ.  рк╕рлАркзрлА ркмрк╛ркд, ркирк╛ ркмркХрк╡рк╛рк╕!  ркдркорк╛рк░рк╛ ркорк╛ркЯрлЗ рк╡ркзрлБ рк╢ркХрлНркдрк┐ рк╕рк╛рк╣рлЗркм!
 #HimantaInAapKiAdalat",PayalYadav60181,NOT,"We need more leaders like them.Directly, no nonsense!More power for you sir!#Himantainaapkiadalat"
guj152,2023-05-20 04:22:06+00:00,@username ркПркХ рк╕рк╡рк╛рк▓ ркЖркЬрлЗ ркорк┐ркбрлАркпрк╛ ркирлЗ рккркг... ркХрлЗркЯрк▓рк╛ ркЯркХрк╛ ркорлАркбрк┐ркпрк╛ ркжрк▓рк╛рк▓ ркЫрлЗ ркирлЗ ркХрлЗркЯрк▓рк╛ ркИркорк╛ркиркжрк╛рк░?????,Rahulsarvaiya11,NOT,@username a question to the media today ... What percentage of media brokers are and how honest ?????
guj153,2023-05-25 14:32:31+00:00,"ркорк╛ркиркирлАркп ркорлБркЦрлНркпркоркВркдрлНрк░рлА рк╢рлНрк░рлА ркнрлБрккрлЗркирлНркжрлНрк░ рккркЯрлЗрк▓ ркЬрлА  рк╣рк╡рлЗ ркдрлЛ  ркИркорк╛ркиркжрк╛рк░рлА ркирк╛ркЯркХ ркмркВркз ркХрк░  рк╕рк╛рк╣рлЗркм рк╕рк░ркХрк╛рк░ ркЪрлЛрк░ ркЫрлЗ  ркорк╛ркиркирлАркп рккрлНрк░ркзрк╛ркиркоркВркдрлНрк░рлА рк╢рлНрк░рлА ркирк░рлЗркирлНркжрлНрк░ ркорлЛркжрлА ркЬрлА рк╣рк╡рлЗ  ркдрлЛ ркИркорк╛ркиркжрк╛рк░рлА ркирк╛ркЯркХ ркмркВркз ркХрк░  ркбркмрк▓ ркПркВркЬрк┐ркиркирлА рк╕рк░ркХрк╛рк░ ркЪрлЛрк░ ркЫрлЗ ркЧрлБркЬрк░рк╛ркдркорк╛ркВ ркнрлВркорк╛рклрк┐ркпрк╛ ркирлБркВ рк░рк╛ркЬ ркЪрк╛рк▓рлЗ ркЫрлЗ ркЕрк╣рлАркВ ркХрк╛ркпркжрк╛ ркХрк╛ркирлБрки ркирк╣рлА рклрлБрк▓рк╡рк╛ркбрлАркирк╛
 рлирлн ркЦрлЗркбрлВркдрлЛ ркЬркорлАрки рк▓рлВркВркЯрлА ркЫрлЗ",Ravindr67822142,HOF,Honorable Chief Minister Shri Bhupendra Patel Ji now shut down honesty drama Saheb government is a thief.
guj154,2023-05-21 06:48:18+00:00,@username @username @username @username ркЖ ркЧркзрлЗркбрк╛ ркирлА рк╣рк╛рке ркорк╛ркВркерлА ркжрлЗрк╢ ркХрлНркпрк╛рк░рлЗ ркЖркЭрк╛ркж ркерк╢рлЗ!,Udaydhadhal999,HOF,@username @username @username @username when will the country be liberated from the hand of this donkey!
guj155,2023-03-25 14:11:51+00:00,@username рккрк╣рлЗрк▓рк╛ рккрлНрк░ркзрк╛ркиркоркВркдрлНрк░рлА ркЬркиркзрки ркЦрк╛ркдрк╛ ркЦрлЛрк▓рк╛рк╡рлНркпрк╛ркВ ркЕркирлЗ ркХрлЛркИркХркирлБркВ ркжрлЗрк╡рлБркВ ркнрк░рккрк╛ркИ ркХрк░рк╡рк╛ ркорк┐ркирк┐ркорко ркмрлЗрк▓рлЗркирлНрк╕ркирк╛ рк╣рлЛркп ркдрлЛ рккрлИрк╕рк╛ ркХрк╛рккрк╢рлЗ. ркдрлЗркирк╛  ркирк╛ркорлЗ ркнрк╛рк░ркдркирлА ркЬркиркдрк╛ркирлЗ ркЖ PM ркорлЛркжрлАркЬрлА ркЕркирлЗ BJP ркП рк▓рлВркВркЯрлА рк╣ркдрлА. рк╣рк╡рлЗ ркЖ PM ркорлЛркжрлАркЬрлА ркЕркирлЗ BJP ркЕркжрк╛ркгрлАркирлБркВ ркжрлЗрк╡рлБркВ ркнрк░рккрк╛ркИ ркХрк░рк╡рк╛ ркЬркиркдрк╛ркирк╛ Rs.1000 рк▓рлВркВркЯрлА рк░рк╣рлА ркЫрлЗ. ркЬрлЗ ркЬркиркдрк╛ркирлЗ рк▓рлВркВркЯрлЗ ркдрлЗ ркЪрлЛрк░ ркХрк╣рлЗрк╡рк╛ркп.,DasManan1,HOF,The Prime Minister opened the Janadhan account before @username and will deduct money if there is a minimum balance to compensate someone's debt.The PM Modi and BJP were robbed by the people of India in his name.Now the PM Modi and BJP are robbing Adani's debt of Rs.1000.The people who rob the people are called a thief.
guj156,2023-05-27 08:31:29+00:00,@username рккрлЗрк▓рк╛ркВ ркЪрлВркВркЯркгрлА ркХрк╛рк░рлНркб ркмркирк╛рк╡рк╡рк╛ ркорк╛ркЯрлЗ рк▓рк╛ркИрки ркорк╛ркВ ркЙркнрлЛ рккркЫрлА ркП рк╕рк░ркХрк╛рк░рлА ркЦрк╛ркдрк╛ркВ ркорк┐рк╕рлНркдрлЗркХ ркХрк░рлА ркирлЗ ркЖрккрк╢рлЗ рккркЫрлА ркПркирлЗ рк╕рлБркзрк╛рк░рк╡рк╛ ркорк╛ркЯрлЗ рк▓рк╛ркИрки ркорк╛ркВ ркЙркнрлЛ. ркЖркирк╛ ркХрк░ркдрк╛ркВ ркмркирк╡рлБркВ ркЬ рки ркЬрлЛркИркП ркЕркирлЗ ркЖрк╡рк╛ рк▓ркмрк╛ркб ркЦркдрк╛рк╡рлЗ ркмркирк╛рк╡рк╡рк╛ркВ рккркг рки ркЬрлЛркИркП. @username @username,arunvadhel,HOF,@username stand in line to make that election card then give it wrong government accounts then stand in line to correct it.It should not be more than this and such false claims should not be made.@username @username
guj157,2023-05-25 08:05:40+00:00,"ркЬрлНркпрк╛рк░рлЗ рк╕рлНрк╡рк╛ркорлА рк╡рк┐рк╡рлЗркХрк╛ркиркВркжрлЗ ркПркХ рк╡рлНркпркХрлНркдрк┐ркирлЗ ркорлВрк░рлНркЦ ркХрк╣рлНркпрк╛ рк╣ркдрк╛ : рк╡рк┐рк╡рлЗркХрк╛ркиркВркжркЬрлАркирлБркВ рк╢рк┐ркЦрк╛ркоркг; рк╕рк╛рк░рк╛ рк╢ркмрлНркжрлЛ рк╡рк╛рк░ркВрк╡рк╛рк░ рк╕рк╛ркВркнрк│рк╡рк╛ркерлА ркорки рк╢рк╛ркВркд ркерк╛ркп ркЫрлЗ, ркЦрлЛркЯрк╛ рк╢ркмрлНркжрлЛркерлА ркЧрлБрк╕рлНрк╕рлЛ ркЖрк╡рлЗ ркЫрлЗ
#SwamiVivekananda | #Positivethought 
@url",Divya_Bhaskar,NOT,"When Swami Vivekananda called a person a fool: Vivekananda's teaching;Listening to good words frequently calms the mind, false words are angry with#swamivivekananda |#Positivethoughght @url"
guj158,2023-05-27 11:24:43+00:00,"@username рккрлНрк░ркЬрк╛ ркирк╛ ркЯрлЗркХрк╕ ркирк╛ рк░рлВрккрк┐ркпрк╛ ркорк╛ркВ ркерлА ркПрк╡рк╛ ркХрлНркпрк╛ркВ ркнрк╛ркбрлЗ ркЖрккрк╡рк╛ ркоркЯрлЗ ркорклркд ркоркХрк╛рки ркЖрккрк╡рк╛ркирлА ркЬрк░рлВрк░ ркЫрлЗ?ркдрлЗркирк╛ ркХрк░ркдрк╛ркВ ркХрлЗркЬрк░рлАрк╡рк╛рк▓ ркирлА ркЬрлЗрко ркорклркд рк╡рлАркЬрк│рлА ркЖрккрлЗ @username ркЬрлА,ркмркзрлА рккрлНрк░ркЬрк╛ркирлЗ рк▓рк╛ркн ркорк│рлЗ, ркЖркорк╛ркВ ркдрлЛ ркЪрлЛрк░ ркЕркирлЗ ркЪрк┐ркЯрк░ рклрк╛рк╡рлА ркЬрк╛ркп ркЫрлЗ",rajuthakkar78,NOT,@username people need free houses for rent from the tax money of the tax?
guj159,2023-05-27 05:13:52+00:00,ркмркзрк╛ркЬ ркнрк│рк╡рк╛ркУ ркЪрлЛрк░ ркЫрлЗ. @url,AAPfanhonylover,HOF,All miscreants are thieves.@url
guj160,2023-05-19 10:34:59+00:00,@username @username @username ркирк╡рк░рлА ркмркЬрк╛рк░. ЁЯШВ,LearningSoul_,HOF,@username @username @username Navari Bazaar.3
guj161,2023-05-25 11:48:54+00:00,"ркЬрк╛ркоркиркЧрк░ркорк╛ркВ ркЬрк╛ркорлНркпрлЛ рккркВркЦрлАркУркирлЛ ркХрк▓рк░рк╡... ЁЯжЪЁЯХКя╕П

ЁЯУНрк▓ркЦрлЛркЯрк╛ ркдрк│рк╛рк╡, ркЬрк╛ркоркиркЧрк░

#jamnagar #lakhotalake @url",hakubhajamnagar,NOT,"Chirping of birds in Jamnagar... ЁЯжЪЁЯХКя╕ПЁЯУНLakhota Lake, Jamnagar #jamnagar #lakhotalake @url"
guj162,2023-05-24 17:30:00+00:00,"рккрк╛рк░ркХрлА рккркВркЪрк╛ркд : рк╣рк╕ркдрк╛ркВ-рк╣рк╕ркдрк╛ркВ рккрк╛ркЯрлАрк▓рлЗ рк╣рк╛рк░рлНркжрк┐ркХркирлЗ ркЯрлЛркгрлЛ ркорк╛рк░рлНркпрлЛ; CM ркЕркирлЗ CRркП ркХрлЗрко рк╡рк┐рк░ркоркЧрк╛рко рк▓рк╛ркВркмрк╛ ркерк╡рлБркВ рккркбрлНркпрлБркВ? ркнрк▓ркнрк▓рк╛ркирлЗ ркирк╣рлАркВ рк╕ркоркЬрк╛ркп ркЖ ркЧркгрк┐ркд, ркЪрлИркдрк░ рк╡рк╕рк╛рк╡рк╛ркирк╛ ркмркжрк▓рк╛ркдрк╛ркВ ркорлВркб ркЕркВркЧрлЗ ркЬрк╛ркгрлЛ ркЕркВркжрк░ркирлА рк╡рк╛ркд @url
#Gujarat | #HardikPatel | #ParkiPanchat @url",Divya_Bhaskar,NOT,"Parki Panchat : Smiling Patil taunts Hardik;Why did CM and CR have to prolong the hiatus?Good people don't understand this math, know the inside story about Chaitar Vasava's changing mood @url#Gujarat |#HardikPatel |#ParkiPanchat @url"
guj163,2023-03-25 17:37:02+00:00,"рк╡рк┐ркзрк╛ркирк╕ркнрк╛ркирлЗ 'ркЪрлЛрк░ ркоркВркбрк│' ркХрк╣рлЗрк╡рк╛ ркмркжрк▓ рк╕ркВркЬркп рк░рк╛ркЙркд рк╡рк┐рк░рлБркжрлНркз ркЧркпрк╛ ркорк╣рк┐ркирлЗ рк╡рк┐рк╢рлЗрк╖рк╛ркзрк┐ркХрк╛рк░ ркнркВркЧркирлА ркирлЛркЯрк┐рк╕

#sanjayRaut  #vidhansabha #NOTICE  

@url",News18Guj,NOT,Notice of Breach of Privilege last month against Sanjay Raut for calling Assembly 'Chor Mandal' #sanjayRaut #vidhansabha #NOTICE @url
guj164,2023-05-21 06:14:05+00:00,"@username @username @username 
@username ЁЯШв
ркнрлНрк░рк╖рлНркЯрк╛ркЪрк╛рк░рк┐ркУ ркирлЛ рк╡рк┐ркХрк╛рк╕...
рк╡рк┐ркХрк╛рк╕ ркЧрк╛ркВркбрлЛ ркеркпрлЛ ркЫрлЗ.... @url",Mgadhiya2,NOT,@username @username @username @username developmental development ... development has gone crazy .... @url
guj165,2023-05-24 15:35:30+00:00,"ркдрлЗрк▓ркирк╛ ркбркмрлНркмрк╛ ркирк╛ркВ ркнрк╛рк╡ ркШркЯрк╡рк╛ркирлБркВ рк╢рк░рлВ ркеркпрлБ ркЫрлЗ

ркХрлЛркВркЧрлНрк░рлЗрк╕рлАркУ рккрлА рк▓рлЗркЬрлЛ ркбркмрлНркмрк╛ ркнрк░рлАркирлЗ ркмрк╛ркХрлА рк╡ркзрлЗ ркдрлЛ ркЖркк ркирк╛ ркХрк╛рк░рлНркпрк╛рк▓ркпркорк╛ ркЫрк╛ркВркЯрлА ркирлЗ ркжрлАрк╡рк╛рк╕рк│рлА ркорлВркХрлА ркжрлЗркЬрлЛ",RWGujarat,HOF,"The prices of oil cans have started to decrease. Congressmen, fill up the cans and if the balance increases, sprinkle them in your office and put a lamp."
guj166,2023-05-26 12:12:04+00:00,"Best fucking train of Gujarat is saurashtra express..

рк╕ркмрк╕рлЗ ркЪрлВркдрк┐ркпрк╛ ркЧрк╛ркбрлА рк╣рлИ ркпрлЗ ркЖркЬ ркдркХ ркЬрлАркдркирлА ркмрк╛рк░ ркЧркпрк╛ рк╣рлБркВ ркЗрк╕ ркЯрлНрк░рлЗрки ркорлЗркВ рк╣рк░ ркмрк╛рк░ 1 рк╕рлЗ 1.5 ркШркВркЯрк╛ рк▓рлЗркЯ ркЪрк▓ркдрлА рк╣рлИ....

ркХрлБркЫ ркХрк░рлЛ ркЗрк╕ ркЯрлНрк░рлЗрки ркХрк╛ ркпрк╛ рклрк┐рк░ ркПркХрлНрк╕рккрлНрк░рлЗрк╕ рк╣ркЯрк╛ ркХрлЗ ркорлЗркорлБ ркХрк░рлНркжрлЛ ркдрлЛ рк▓рлЛркЧрлЛ ркХрлЛ рк╕ркоркЬ ркЖркпрлЗ ркмрлЗркаркирк╛ рк╣рлИ ркХрк┐ ркирк╣рлА.......

#NarendraModi 

#TrainDelay",PowerofCandle1,HOF,Best Fucking Train of Gujarat is Saurashtra Express.Logo ko understand aaye sitting hai ki ....... #narendramodi #traandelay
guj167,2023-03-25 07:40:00+00:00,@username ркЕркмрлЗ 20000 ркХрк░рлЛркб ркХрк╛ ркдрлЗрк░рлЗ рккрк╛рк╕ рк╕ркмрлБркд рк╣рлЗ ркдрлЛ рк╕рлБрккрлНрк░рлАрко ркХрлЛрк░рлНркЯ ркЪрк▓рлЗ ркЬрк╛ ркирлЗ ркХрлЛркИ ркЖрккркХрлЛ ркХрлЛркИ ркирк╣рлА рк░рлЛркХркдрк╛ ркЕркбрк╛ркирлА ркЦрк┐рк▓рк╛ркл рк╕рлБрккрлНрк░рлАрко ркХрлЛрк░рлНркЯ ркХрлА ркЭрк╛ркЪ ркЪрк▓ рк░рк╣рлА рк╣рлЗ ркУрк░ ркЖрккркирлЗ ркПркХ рккрлАркЫркбрлЗ рк╡рк░рлНркЧ ркХрлЛ рккрлБрк░рлЗ рк╕ркорк╛ркЬ ркХрлЛ ркЪрлЛрк░ ркХрк╣рк╛ ркерк╛ ркЪрлЛрк░ ркдрлЛ ркЖркк ркУрк░ ркЖрккркХрлЗ ркЬрлАркЬрк╛ рк╣рлЗ ркжрлЗрк╢ ркорлЗ рк▓рлЛркХркдркВркдрлНрк░ рк╕рк╣рлА ркЪрк▓ рк░рк╣рк╛ рк╣рлЗ ркХрк╛ркирлБрки ркХрлЗ ркорлБркдрк╛ркмрк┐ркХ ркЪрк▓ рк░рк╣рк╛ рк╣рлЗ,gagjibhai_p,NOT,@username Abe 20000 crore ka tere pas sabut then Supreme Court will go and no one will stop you.Let the law remain with democracy
guj168,2023-05-25 03:42:23+00:00,@username @username ЁЯдг ЁЯдг ЁЯдг ЁЯдг ркЬрлЗркирлА ркПркХрккркг рккрк░рлАркХрлНрк╖рк╛ рккрк╛рк╕ ркХрк░рк╡рк╛ркирлА ркдрк╛ркХрк╛ркд ркиркерлА ркдрлЗ ркЬ ркЖрк╡рлА рк╡рк╛рк╣рк┐ркпрк╛ркд рк╡рк╛ркдрлЛ ркХрк░рлЗ.. ркЖ ркнрк╛ркИркирлЗ 50 ркЯрлНрк░рк╛ркпрк▓ ркЖрккрлЛ ркдрлЛ рккркг рккрк╛рк╕ рки ркерк╛ркп.,bipin3988,HOF,@username @username ЁЯдг ЁЯдг ЁЯдг ЁЯдг Only those who don't have the strength to pass any exam talk such nonsense.. Even if you give this brother 50 trials he won't pass.
guj169,2023-05-27 16:35:31+00:00,@username ркорк╛ркВркЧрк╡рк╛ рк╡рк╛рк▓рлЛ рккркг ркЧрк╛ркВркбрлЛ ркХрк╣рлЗрк╡рк╛ркп ркирлЗ...ЁЯШЬ,DilipPa43672393,NOT,Even those who ask for @username are called crazy...ЁЯШЬ
guj170,2023-05-19 07:55:38+00:00,@username ркЬрлАркдрлНркпрк╛ ркмрк╛ркж рккрк╛ркХрк┐рк╕рлНркдрк╛рки ркирк╛ ркирк╛рк░рк╛ рк▓ркЧрк╛рк╡ркдрлА ркжрк▓рк╛рк▓ рккрк╛рк░рлНркЯрлА.,Harshh_Mehta,HOF,Dalal party raising slogans of Pakistan after winning @username.
guj171,2023-05-20 13:45:08+00:00,@username рк╢рлАркВркЧркбрк╛ рк╡ркЧрк░ркирлЛ ркмрк│ркж....ркЕркнркг ркХрлЗркЬрк░рлА ркирлЗ рк╢рлБркВ ркЦркмрк░ рккркбрлЗ..? ркЦркмрк░ ркЫрлЗ ркмркзрк╛ркВ ркирлЗ ркХрлЗ ркХркорк┐рк╢рки ркорлЛркВ рк▓рлАркзрлЗрк▓рк╛ркВ   2000 ркирлА ркирлЛркЯ рк╢рлАрк╢ ркорк╣рлЗрк▓ ркирлА ркдрк┐ркЬрлЛрк░рлАркорк╛ркВ ркорлБркХрлЗрк▓рк╛ ркЫрлЗ...,patelvs05,HOF,@username hornless ox .... What does an illiterate Kejri know ..?You know that the Commission's 2000 note is placed in the treasury of the Shish Mahal ...
guj172,2023-05-23 05:26:08+00:00,"ркЪрлЛркХрлАркжрк╛рк░ ркирлЗ ркдркорлЗ ркЪрлЛрк░, ркорлВрк░рлНркЦрлЛ ркХрк╣рлА рк╢ркХрлЛ ркЫрлЛ..
ЁЯНКЁЯНКЁЯдгЁЯдг @url",the_wall9,HOF,"You can call the watchman a thief, fool.. @url"
guj173,2023-05-20 06:38:33+00:00,@username @username @username @username @username ркдркорлЗ рк╡рк╛рк╣рк┐ркпрк╛ркд ркХрк░рлА рк╢ркХрлЛ ркЫрлЛ,yugggggggg,HOF,@username @username @username @username @username you can do shit
guj174,2023-05-24 09:26:48+00:00,@username ркШркВркЯрк╛ркирлЛ ркмрлЛркЬрлЛ...!!ркЯрлЛрккрк╛...ркдрк╛рк░рк╛ ркШрк░ркорк╛ркВ ркерлА ркЖрккрк╡рк╛ркирлЛ ркЫрлЗ.!!,BhavansinhZala,HOF,@username loads of bells....topa...to be given from your house.!!
guj175,2023-05-27 05:53:28+00:00,"рккрлЛркдрк╛ркирлЗ рк▓рлЗркЦркХ ркЕркирлЗ рккркдрлНрк░ркХрк╛рк░ рк╕ркоркЬрлА ркмрлЗркарлЗрк▓рк╛ @username ркПркХ ркХрлЙркорлЗркирлНркЯркирк╛ ркЬрк╡рк╛ркмркорк╛ркВ ркмрлНрк▓рлЛркХ ркХрк░рлАркирлЗ ркЬркдрк╛ рк░рк╣рлНркпрк╛..
рк╢рлВрк░рк╡рлАрк░ ркдрк▓рк╡рк╛рк░ркерлА рк▓ркбрлЗ ркЕркирлЗ  ркХрк▓ркоркзрк╛рк░рлА ркХрк▓ркоркерлА рк▓ркбрлЗ ркЕрк╣рлАркВркпрк╛ ркдрлЛ ркХрк▓рко ркЦрк┐рк╕рлНрк╕рк╛ркорк╛ркВ ркорлВркХрлА ркЪрк╛рк▓рлА ркирлАркХрк│рлНркпрк╛...ЁЯШД
рккрлЛркдрк╛ркирлЗ ркмрк╣рлБ ркмрлБркжрлНркзрк┐рк╢рк╛рк│рлА рк╕ркоркЬркирк╛рк░ ркЖ ркПркХ ркорлВрк░рлНркЦ ркЫрлЗ ркЬрлЗркорк╛ркВ ркЬрк░рк╛ркп рк╢ркВркХрк╛ ркиркерлА...ЁЯл┤ @url",RajeshRohit25,NOT,"Thinking of himself as a writer and a journalist, @username blocked in response to a comment.. A brave man fights with a sword and a penman fights with a pen, but here he left with his pen in his pocket... ЁЯШД This is a fool who thinks he is very intelligent, there is no doubt about it...ЁЯл┤ @url"
guj176,2023-03-25 14:10:31+00:00,"ркорлЛркжрлА рк╕рк░ркХрк╛рк░ JPC ркдрккрк╛рк╕ркерлА ркХрлЗрко ркнрк╛ркЧрлА рк░рк╣рлА ркЫрлЗ?

ркЕркжрк╛ркгрлА рк╕рк╛ркерлЗркирк╛ ркдрлЗркоркирк╛ рк╕ркВркмркВркзрлЛ ркЦрлБрк▓рлНрк▓рк╛ ркерк╡рк╛ркерлА ркорлЛркжрлА ркбрк░рлА ркЧркпрк╛ ркЫрлЗ.
#20000CroreKiskeHain @url",Ramijvhora43,NOT,Why is the Modi government running away from the JPC investigation?
guj177,2023-05-22 05:33:15+00:00,"Title  :-  ркИрк╢рлНркХ ркорлЗ рк╕рк░ ркирк╛ ркжрк┐ркпрк╛
Singer : рк░рк╛ркоркжрк╛рк╕ ркЧрлЛркВркбрк▓рлАркпрк╛ - рк╢рлИрк▓рлЗрк╖ ркорк╣рк╛рк░рк╛ркЬ
 [ ркЬркмрк░рлА ркЬрлБркЧрк▓ркмркВркзрлА ]
Place  : рк▓рк╛ркВркмрк╛ ркмркВркжрк░ [ ркжрлНрк╡рк╛рк░ркХрк╛ ]

@url

ЁЯМ║ркЖрккркгрлА  ркЖ 2 ркЪрлЗркирк▓ркирлЗ рк╕ркмрлНрк╕рлНркХрлНрк░рк╛ркЗркм ркХрк░рлЛ / рк▓рк╛ркЗркХ ркХрк░рлЛ /рк╢рлЗрк░ ркХрк░рлЛ ЁЯСН 
@url 
@url @url",Ramdas_Gondalia,NOT,Title: - Ishq Me Sir Dia Singer: Ramdas Gondalia - Shailesh Maharaj [Jabri Jugalbandi] Place: Long Port [Dwarka] @URLЁЯМ║ Subscribe / Like / Share Our 2 Channel @url @url
guj178,2023-05-25 13:00:41+00:00,"@username @username @username @username @username @username @username @username @username @username @username ркЯрлЛрккрк╛ ркХрлЗркирлНркжрлНрк░ рк╕рк░ркХрк╛рк░ ркЬрлЛ ркП рк╕ркоркпрлЗ рк╕рк╛ркЪрлА рк╣ркдрлА ркдрлЛ ркЕркдрлНркпрк╛рк░рлЗ ркп рк╕рк╛ркЪрлА ркЬ ркХрлЗрк╡рк╛ркп ркирлЗ?
ркдркорк╛рк░рк╛ ркЬрлЗрк╡рк╛ ркнрлВркВркбрлЛ ркирк╛ ркЧркгрк┐ркд ркЬрлЛркИ ркирлЗ рк╕рк╛ркЪрлЗ рк▓рк╛ркЧрлЗ ркЫрлЗ ркХрлЗ ркдркоркирлЗ ркоркЧркЬ ркиркерлА 
ркЕркорк┐ркд рк╢рк╛рк╣ ркжрлЛрк╖рлА рк╣ркдрк╛ ркдрлЛ рк╢рлБркВ ркЕрк░рк╡рк┐ркВркж  ркХрлЗркЬрк░рлАрк╡рк╛рк▓ ркирк╛ркоркирк╛ ркнрлВркВркб ркирк╛ рк╕рк╛ркерлА ркУ ркп ркжрлЛрк╖рлА ркЫрлЗ ркПрко ркирлЗ?
ркЕркирлЗ ркЕркорк┐ркд рк╢рк╛рк╣ ркирлЗ ркЬрлЗрко ркХрлЛрк░рлНркЯрлЗ ркирк┐рк░рлНркжрлЛрк╖ рк╕рк╛ркмрк┐ркд ркХрк░рлНркпрк╛ ркПрко ркЖркВ ркнрлВркВркбрлЛ ркирлЗ ркп ркХрк░рк╢рлЗ",Patelsaheb_,HOF,"@username @username @username @username @username @username @username @username @username @username @username Topa Central Government if it was true at that time?If Amit Shah was not guilty, is Arvind Kejriwal's colleague guilty of Kejriwal?"
guj179,2023-05-22 11:32:47+00:00,"ркЧрк╛ркпркирлЗ ркорк╛ркдрк╛ркирлЛ ркжрк░ркЬрлНркЬрлЛ ркорк╛ркдрлНрк░ ркнркХрлНркдрлЛркирлЗ ркорлВрк░рлНркЦ ркмркирк╛рк╡рк╡рк╛ ркорк╛ркЯрлЗ ркЫрлЗ..
ркмрк╛ркХрлА ркЧрк╛ркпркирк╛ ркирк╛рко ркЙрккрк░ ркХрк░рлЛркбркирлБркВ ркХрлМркнрк╛ркВркб рккркг ркПркЬ рккрк╛рк░рлНркЯрлА ркХрк░рлЗ ркЫрлЗ ркЬрлЗ рккрлЛркдрлЗ рк╣рк┐ркирлНркжрлВ рк╕ркВрк╕рлНркХрлГркдрк┐ркирлА ркорлЛркЯрлА ркорлЛркЯрлА рк╡рк╛ркдрлЛ ркХрк░рлЗ ркЫрлЗ.
@username @username @username @username @url",AtulSol73411551,NOT,The status of cow as mother is only to fool devotees..The rest of the crores scam in the name of cow is also perpetrated by the same party which itself talks big about Hindu culture.@username @username @username @username @url
guj180,2023-05-25 10:56:43+00:00,"@username ркорлВрк░рлНркЦ ркнрк░рлНркпрлЛ рк╕рк╡рк╛рк▓ ...

ркнрк╛рк░ркд ркжрлЗрк╢ ркирк╛ рккрк╣рлЗрк▓рк╛ ркирк╛ркЧрк░рк┐ркХ ркдрк░рлАркХрлЗ рк╕ркВрк╡рк┐ркзрк╛рки ркирк╛ рк╕рк░рлНрк╡рлЛркЪ рккркж рккрк░ ркмрк┐рк░рк╛ркЬркорк╛рки ..
ЁЯЗоЁЯЗ│ ркдрлНрк░ркг рккрк╛ркВркЦ ркирк╛ рк╕рлЗркирк╛ркирк╛рк╡ркбрк╛...
ркорк╛рк╣рк╛ркорк╣рк┐рко рк╣рк╕рлНркдрлЗ ркерк╡рлЛ ркЬрк╡рлЛ ,ркПркорк╛ ркЖркЯрк▓рлЛ ркмркзрлЛ рк╣ркВркЧрк╛ркорлЛ рк╢рк╛ ркорк╛ркЯрлЗ..тБЙя╕ПЁЯШЗ

#рд╕рдВрд╕рдж_рднрд╡рди @url",VishalS29163640,NOT,@username stupid question ... Sitting in the highest position of the Constitution as the first citizen of India.
guj181,2023-05-26 13:20:15+00:00,"ркЖркЬ ркврлЛркВркЧрлА ркирлА рк░рлЗрк▓рлА ркЫрлЗ ркирлЗ?
ркЖрк╡рк╛ ркврлЛркВркЧрлА ркорк╛ ркдркорлЗ ркЬрлЛ ркЖрк╕рлНркерк╛ рк░рк╛ркЦркдрк╛ рк╣рлЛрк╡ ркдрлЛ ркорлВрк░рлНркЦ ркЖ ркврлЛркВркЧрлА ркирк╣рлАркВ ркдркорлЗ ркЦрлБркж ркЫрлЛ. @url @url",Mayur23_Oxygen,HOF,This is a rally of hypocrisy?@url @url
guj182,2023-05-28 08:18:34+00:00,@username @username @username ркмрк╛ркпркбрлА ркирлЛ ркнрк╛ркЗ ркЖркпрк╡рлЛ ркнркбрк╡рлЛ ЁЯдгЁЯШВ,Arvind_khejdiwa,HOF,@username @username @username Biddy's brother Avo
guj183,2023-03-25 08:16:58+00:00,@username ркоркВркж ркЪрк╛рк▓рк╢рлЗ рккркг ркЪрлЛрк░ ркиркИ ркЪрк╛рк▓рлЗ,samirpatel2309,NOT,@username will run slow but not thief
guj184,2023-05-21 06:20:04+00:00,ркорк╣рк╛ркоркВркдрлНрк░рлА рк╢рлНрк░рлА ркорлБркХрлЗрк╢ркнрк╛ркИ ркжрк▓рк╛рк▓ ркдрлЗркоркЬ ркХрк╛рк░рлЛркмрк╛рк░рлА рк╢рлНрк░рлАркУ ркЙрккрк╕рлНркерк┐ркд рк░рк╣рлНркпрк╛ рк╣ркдрк╛.(2/2),ShitalSoniBJP,NOT,General Secretary Shri Mukeshbhai Dalal and Business Mr. were present (2/2).
guj185,2023-03-26 05:51:20+00:00,"ркХрлЛрк│рк┐ркпрлЛ рккрлЗркЯ рк╕рлБркзрлА рккрк╣рлЛркВркЪрлЗ ркдрлНркпрк╛ркВ.....

           ркЧрк░рко рк╣рлЛркп ркдрлЛ рк╣рк╛рке ркХрк╣рлА ркжрлЗ,
     ркХркаркг рк╣рлЛркп ркдрлЛ ркжрк╛ркВркд ркХрк╣рлА ркжрлЗ,
         ркХркбрк╡рлБркВ рк╣рлЛркп ркдрлЛ ркЬрлАркн ркХрк╣рлА ркжрлЗ,
ркмрк╕ ркЦрк╛рк▓рлА 'рк╣ркХ' ркирлБркВ ркЫрлЗ ркХрлЗ 'рк╣рк░рк╛рко' ркирлБркВ ркП
       ркЖрккркгрлЗ ркиркХрлНркХрлА ркХрк░рк╡рк╛ркирлБркВ ркЫрлЗ.

              ЁЯМ║ЁЯМ║ЁЯМ║ЁЯМ║",SHUBHAM11915727,NOT,"When the chicken reaches the stomach..... If it is hot, tell the hand, if it is hard, tell the tooth, if it is bitter, tell the tongue, we just have to decide whether it is 'Haq' or 'Haram'.ЁЯМ║ЁЯМ║ЁЯМ║ЁЯМ║"
guj186,2023-05-27 00:31:23+00:00,"рк╢ркоркгрк╛ркУ рк╡рк┐рк╣рлЛркгрлА рк░рк╛ркд ркиркерлА ркЧркоркдрлА ркоркирлЗ, 
ркорк╛ркгрк╕рк╛ркИ рк╡рк┐ркирк╛ркирлА рк╡рк╛ркд ркиркерлА ркЧркоркдрлА ркоркирлЗ...

ркЖрккркгрлА рк╕рк╛ркорлЗ ркЕрк▓ркЧ ркирлЗ рк▓рлЛркХрлЛ рк╕рк╛ркорлЗ ркЕрк▓ркЧ, 
ркмркжрк▓рк╛ркдрк╛ ркорк╛ркгрк╕ркирлА ркЬрк╛ркд ркиркерлА ркЧркоркдрлА ркоркирлЗ..

ркЕркорлБрк▓рлНркп ркЬрлАрк╡ркиркирлА ркХрлНрк╖ркгрлЛркирлЗ ркХрлЗрко рк╡рлЗркбрклрлА ркирк╛ркЦрлБркВ.? 
ркжрлБркирк┐ркпрк╛ркирлА рклрк╛рк▓ркдрлБ рккркВркЪрк╛ркд ркиркерлА ркЧркоркдрлА ркоркирлЗ...

Jay shree krishna ЁЯЩП
рк╢рлБркн рк╕рк╡рк╛рк░ ЁЯМ╣",Tinky8411,NOT,"I don't like the night without candles, I don't like the talk without humanity... I don't like people who are different from us, different from people, I don't like the changing nature of man.. Why waste the precious moments of life.?I don't like the waste of the world...Jay shree krishna ЁЯЩП Good morning ЁЯМ╣"
guj187,2023-05-24 10:28:50+00:00,@username рккрк╛ркВркЪрк┐ркпрлБркВ ркирк╛ ркЖрк╡рлЗ ркЖрк╡рк╛ ркмркХрк╡рк╛рк╕ ркирлЗрк░рлЗркЯрк┐рк╡ркирлБркВ. ркХрлЛркИ ркирлЛркВркз рккркг ркиркерлА рк▓рлЗркдрлБркВ.,jayvasavada,HOF,@username does not come to the fifth.No one takes a note.
guj188,2023-05-26 03:03:57+00:00,"@username ркмрлЗрки ркмркзрк╛ркирлЗ ркмркзрлА ркЦркмрк░ ркЬ рк╣рлЛркп
ркЬрк┐ркВркжркЧрлА ркЖрк╡рк╛ рк╡рк╛рк╣рк┐ркпрк╛ркд рк╕рлБрк╡рк┐ркЪрк╛рк░рлЛ рккрлНрк░ркорк╛ркгрлЗ ркирк╣рлАркВ рккрк░рк┐рк╕рлНркерк┐ркдрк┐ рккрлНрк░ркорк╛ркгрлЗ ркЪрк╛рк▓рк╡рлБркВ рккркбрлЗ",pranavbaraiya12,NOT,@username Ben Everyone should know that life should be lived according to the situation and not according to such nonsense ideals
guj189,2023-05-25 08:16:58+00:00,"@username ркмрлЗрк╡ркХрлВркл ркХрлЗркЬрк░рлАрк╡рк╛рк▓ рккрлЛркдрлЗ ркЫрлЗ ркирлЗ ркмрлАркЬрк╛ ркирлЗ ркХрлЗркп ркЫрлЗ
ркЬрлБркирк╛ рк╡рк┐ркбрк┐ркУ ркирлЗ ркПркбрк┐ркЯ ркХрк░рлА ркирлЗ ркорлБркХрк╡рк╛ркерлА ркХркВркИ рк╣ркХрлАркХркд ркмркжрк▓рк╛ркп ркирк╛ ркЬрк╛ркп",Nilesh19761122,HOF,@username fool Kejriwal is himself and the other is to edit and put it on.
guj190,2023-05-27 08:11:02+00:00,"@username Kem ke "" ркорлАрк░рк╛ркВ "" рккрк╡рк┐ркдрлНрк░ рккрк╛ркдрлНрк░ рк╣ркдрлБркВ..ркирлЗ ркдркорк╛рк░рлА ркорлЛрк╕рлНркЯ ркУркл рккрлЛрк╕рлНркЯ рк╡рк╛рк╣рк┐ркпрк╛ркд рк╣рлЛркп ркЫрлЗ..рк╡рк▓рлНркЧрк░ рк╣рлЛркп ркЫрлЗ ..",bharat92743,HOF,"@username kem ke ""miran"" was a sacred character..The most of the post of post is absurd.."
guj191,2023-05-28 01:58:17+00:00,@username ркХрлЗркЯрк▓рлА рккркВркЪрк╛ркд ЁЯШеЁЯЩЖтАНтЩВя╕П,Rajan9R,NOT,@username what a panchaat ЁЯШеЁЯЩЖтАНтЩВя╕П
guj192,2023-05-23 05:09:02+00:00,@username ЁЯдФ ркнрлНрк░рк╖рлНркЯрк╛ркЪрк╛рк░рлА ркХрлМркнрк╛ркВркбрлА ркЪрлЛрк░ рк▓рлБркЦрлНркЦрк╛ ркЕрк╕рк╛ркорк╛ркЬрк┐ркХ ркдркдрлНрк╡рлЛркирлЛ ркЧрлБркЬрк░рк╛ркдркорк╛ркВ #ркЪрлЛркХрлАркжрк╛рк░ ркирлЗ рккркбркХрк╛рк░ ркдрк╛ркХрк╛ркд рк╣рлЛркп ркдрлЛ ркЕркоркирлЗ рккркХркбрлА ркирлЗ ркмркдрк╛рк╡рлЛ ЁЯЩИЁЯЩЙЁЯЩК,TGThakor2528,NOT,"@username ЁЯдФ If you have the strength to challenge #Chowkidar in Gujarat corrupt scam thieves crooked anti-social elements, catch us and show us ЁЯЩИЁЯЩЙЁЯЩК"
guj193,2023-03-26 02:35:23+00:00,@username @username @username @username ркмркзрк╛ркВ ркЪрлЛрк░ ркЬ ркЫрлЗ рк╡рк┐рк╢рк╛рк▓ркнрк╛ркЗ.,Jigs0471,HOF,@username @username @username @username All are thieves Vishalbhai.
guj194,2023-05-27 05:31:34+00:00,"тАШркХрлБрк╕рлНркдрлА рк╕ркВркЧркаркиркирк╛ рк╡ркбрк╛ ркмрк╣рлЗрки-ркжрлАркХрк░рлАркУ рк╡рк┐рк╢рлЗ рк╡рк╛рк╣рк┐ркпрк╛ркд рк╡рк╛ркдрлЛ ркХрк░рлЗ ркЫрлЗ, ркдрлЗркирлА ркдрк╛ркдрлНркХрк╛рк▓рк┐ркХ ркзрк░рккркХркб ркерк╡рлА ркЬрлЛркИркПтАЩ: ркмрк╛ркмрк╛ рк░рк╛ркоркжрлЗрк╡

#BabaRamdev #WrestlersProtests #gstvnews #gstv #Gujaratsamachar #Gujaratinews #Gujarati #Gujarat

@url",GSTV_NEWS,NOT,"'Wrestling association chief talks nonsense about sisters-daughters, should be arrested immediately': Baba Ramdev #BabaRamdev #WrestlersProtests #gstvnews #gstv #Gujaratsamachar #Gujaratinews #Gujarati #Gujarat@url"
guj195,2023-03-25 10:12:46+00:00,@username ркЯрлЛркЯрк▓ ркорлЛркжрлА ркЪрлЛрк░ ркЫрлЗ ЁЯЩП,ArajunSodha,HOF,@username Total Modi is a thief
guj196,2023-03-25 16:10:38+00:00,@username ркЖркЬ рк╡рк┐ркжрлЗрк╢рлА рккрлНрк░рк┐ркирлНркЯ ркорлАркбрк┐ркпрк╛ ркорк╛ркВ рк░рк╛рк╣рлБрк▓ ркЧрк╛ркВркзрлА ркирлБркВ ркШркгрлБркВ ркмркзрлБркВ рк▓ркЦрк╛ркпрлБркВ ркЫрлЗ ркдрлЗркирлА ркЕрк╕рк░ ркерлА рк╢рлЗрка ркдрлЗркоркЬ ркирлЛркХрк░ ркирлА ркКркВркШ рк╣рк░рк╛рко ркеркИ ркЧркИ ркЫрлЗ. ркПркорк╛ркп ркЬрлЛ рк╣рк┐ркбркиркмрк░рлНркЧ ркирлЛ ркмрлАркЬрлЛ рк░рк┐рккрлЛрк░рлНркЯ ркЬрк╛рк╣рлЗрк░ ркерк╢рлЗ ркдрлЛ ркжрлБркирк┐ркпрк╛ ркорк╛ркВ рк╕рк╛рк╡ ркЦрлБрк▓рлНрк▓рк╛ ркеркИ рк╢ркХрлЗ ркЫрлЗ,nitinchavda548,NOT,"@username A lot of things have been written about Rahul Gandhi in the foreign print media today, the sleep of Seth and the servant has become haram due to its effect.Amy, if Hidenburg's second report is published, it can be completely exposed to the world"
guj197,2023-05-26 12:27:01+00:00,@username @username @username ркнркбрк╡рлЛ ркиркпрки ркЪрк╛ркжрк░ ркорлЛркж ркмрлЗркгркЪрлЛ,chattansinh,HOF,@username @username @username
guj198,2023-05-27 07:26:02+00:00,@username ркЪрлЛркжрлАркирк╛ ркдрк╛рк░рк╛ ркЬрлЗрк╡рк╛ ркирлЗ рккрк╛ркХрк┐рк╕рлНркдрк╛рки ркнрлЗркЧрлА ркирлБркВ ркеркИ ркЬрк╡рк╛ркп рк╣рк┐ркирлНркжрлБ ркеркИ ркирлЗ рк╣рк┐ркирлНркжрлВ ркирлЛ рк╡рк┐рк░рлЛркз ркХрк░рлЛ ркЫрлЛ рк╣рк┐ркЬрк│рлЛ ркХрлЗрк╡рк╛ркп рк▓рлЛркбрк╛...,Rana_Naidu_,HOF,@username Chodina Tara and Pakistan Gathering to become a Hindu and oppose Hindu Hijla KY Loda ...
guj199,2023-03-26 09:32:06+00:00,@username @username @username @username @username ркЕркирлЗ ркЬрлЛ рк╕рк░ркХрк╛рк░рлА ркХрлЛркИ ркЕркзрк┐ркХрк╛рк░рлА ркХркЪрк░рлЛ рклрлЗркВркХрлЗ ркдрлЛ?,kkpatel852,NOT,@username @username @username @username @username And if a government official litters?
guj200,2023-05-23 13:30:01+00:00,"рккрк╛рк░ркХрлА рккркВркЪрк╛ркд : ркирлАркдрк┐рки рккркЯрлЗрк▓ркирлЗ ркХрлЗрко ркЙркбрлА ркЧркпрлЛ ркЫрлЗ рк░рк╕? ркХрлНркпрк╛рк░рлЗ рк╢рлБркВ ркмркирк╡рлБркВ ркПркорк╛ркВ ркпркЬрлНркЮрлЗрк╢ркнрк╛ркИ ркХркирлНрклрлНркпрлВркЭрлНркб; ркЕрк╣ркоркж рккркЯрлЗрк▓ркирк╛ рк╡рк╛рк░рк╕ркжрк╛рк░ркирлА ркХрлЛркВркЧрлНрк░рлЗрк╕ркорк╛ркВ ркЙрккрлЗркХрлНрк╖рк╛; 'ркХ'ркирлА рк╢рк░рлВ ркеркИ рккркирлЛркдрлА! - @url
Download Divya Bhaskar App : @url
#Gujarat | #NitinPatel | #ParkiPanchat @url",Divya_Bhaskar,NOT,Parki Panchayat: Why is Nitin Patel flying?Yajeshbhai confused when to be;Neglect in the Congress of Ahmed Patel's heir;'K' began!- @urldownload Divya Bhaskar App: @URL#Gujarat |#Nitinpatel |#Parkipanchat @url
