id,label
task1a_test_1,HOF
task1a_test_2,NOT
task1a_test_3,HOF
task1a_test_4,NOT
task1a_test_5,NOT
task1a_test_6,HOF
task1a_test_7,NOT
task1a_test_8,NOT
task1a_test_9,HOF
task1a_test_10,NOT
task1a_test_11,NOT
task1a_test_12,NOT
task1a_test_13,HOF
task1a_test_14,NOT
task1a_test_15,NOT
task1a_test_16,NOT
task1a_test_17,NOT
task1a_test_18,HOF
task1a_test_19,NOT
task1a_test_20,HOF
task1a_test_21,NOT
task1a_test_22,HOF
task1a_test_23,HOF
task1a_test_24,HOF
task1a_test_25,NOT
task1a_test_26,NOT
task1a_test_27,HOF
task1a_test_28,NOT
task1a_test_29,NOT
task1a_test_30,HOF
task1a_test_31,NOT
task1a_test_32,NOT
task1a_test_33,NOT
task1a_test_34,HOF
task1a_test_35,HOF
task1a_test_36,NOT
task1a_test_37,NOT
task1a_test_38,HOF
task1a_test_39,NOT
task1a_test_40,NOT
task1a_test_41,NOT
task1a_test_42,HOF
task1a_test_43,NOT
task1a_test_44,NOT
task1a_test_45,HOF
task1a_test_46,NOT
task1a_test_47,NOT
task1a_test_48,NOT
task1a_test_49,NOT
task1a_test_50,NOT
task1a_test_51,NOT
task1a_test_52,NOT
task1a_test_53,HOF
task1a_test_54,HOF
task1a_test_55,NOT
task1a_test_56,NOT
task1a_test_57,NOT
task1a_test_58,HOF
task1a_test_59,NOT
task1a_test_60,HOF
task1a_test_61,HOF
task1a_test_62,HOF
task1a_test_63,NOT
task1a_test_64,NOT
task1a_test_65,NOT
task1a_test_66,NOT
task1a_test_67,HOF
task1a_test_68,NOT
task1a_test_69,NOT
task1a_test_70,NOT
task1a_test_71,NOT
task1a_test_72,NOT
task1a_test_73,HOF
task1a_test_74,NOT
task1a_test_75,NOT
task1a_test_76,NOT
task1a_test_77,NOT
task1a_test_78,NOT
task1a_test_79,NOT
task1a_test_80,NOT
task1a_test_81,NOT
task1a_test_82,NOT
task1a_test_83,NOT
task1a_test_84,NOT
task1a_test_85,HOF
task1a_test_86,NOT
task1a_test_87,NOT
task1a_test_88,NOT
task1a_test_89,HOF
task1a_test_90,NOT
task1a_test_91,NOT
task1a_test_92,NOT
task1a_test_93,NOT
task1a_test_94,NOT
task1a_test_95,HOF
task1a_test_96,NOT
task1a_test_97,NOT
task1a_test_98,NOT
task1a_test_99,NOT
task1a_test_100,NOT
task1a_test_101,NOT
task1a_test_102,NOT
task1a_test_103,NOT
task1a_test_104,HOF
task1a_test_105,NOT
task1a_test_106,NOT
task1a_test_107,NOT
task1a_test_108,NOT
task1a_test_109,NOT
task1a_test_110,HOF
task1a_test_111,NOT
task1a_test_112,HOF
task1a_test_113,HOF
task1a_test_114,HOF
task1a_test_115,HOF
task1a_test_116,NOT
task1a_test_117,NOT
task1a_test_118,NOT
task1a_test_119,HOF
task1a_test_120,NOT
task1a_test_121,NOT
task1a_test_122,HOF
task1a_test_123,NOT
task1a_test_124,NOT
task1a_test_125,NOT
task1a_test_126,HOF
task1a_test_127,NOT
task1a_test_128,NOT
task1a_test_129,NOT
task1a_test_130,NOT
task1a_test_131,HOF
task1a_test_132,HOF
task1a_test_133,NOT
task1a_test_134,NOT
task1a_test_135,NOT
task1a_test_136,NOT
task1a_test_137,NOT
task1a_test_138,HOF
task1a_test_139,NOT
task1a_test_140,HOF
task1a_test_141,NOT
task1a_test_142,NOT
task1a_test_143,NOT
task1a_test_144,HOF
task1a_test_145,NOT
task1a_test_146,HOF
task1a_test_147,NOT
task1a_test_148,NOT
task1a_test_149,NOT
task1a_test_150,HOF
task1a_test_151,HOF
task1a_test_152,NOT
task1a_test_153,NOT
task1a_test_154,NOT
task1a_test_155,NOT
task1a_test_156,HOF
task1a_test_157,HOF
task1a_test_158,HOF
task1a_test_159,NOT
task1a_test_160,NOT
task1a_test_161,NOT
task1a_test_162,HOF
task1a_test_163,HOF
task1a_test_164,NOT
task1a_test_165,NOT
task1a_test_166,NOT
task1a_test_167,HOF
task1a_test_168,HOF
task1a_test_169,NOT
task1a_test_170,NOT
task1a_test_171,HOF
task1a_test_172,HOF
task1a_test_173,NOT
task1a_test_174,HOF
task1a_test_175,NOT
task1a_test_176,HOF
task1a_test_177,NOT
task1a_test_178,NOT
task1a_test_179,NOT
task1a_test_180,NOT
task1a_test_181,NOT
task1a_test_182,NOT
task1a_test_183,HOF
task1a_test_184,NOT
task1a_test_185,NOT
task1a_test_186,NOT
task1a_test_187,NOT
task1a_test_188,NOT
task1a_test_189,HOF
task1a_test_190,NOT
task1a_test_191,NOT
task1a_test_192,NOT
task1a_test_193,HOF
task1a_test_194,HOF
task1a_test_195,HOF
task1a_test_196,NOT
task1a_test_197,NOT
task1a_test_198,HOF
task1a_test_199,NOT
task1a_test_200,NOT
task1a_test_201,NOT
task1a_test_202,NOT
task1a_test_203,HOF
task1a_test_204,HOF
task1a_test_205,NOT
task1a_test_206,HOF
task1a_test_207,HOF
task1a_test_208,NOT
task1a_test_209,NOT
task1a_test_210,HOF
task1a_test_211,NOT
task1a_test_212,NOT
task1a_test_213,NOT
task1a_test_214,NOT
task1a_test_215,HOF
task1a_test_216,NOT
task1a_test_217,HOF
task1a_test_218,HOF
task1a_test_219,NOT
task1a_test_220,NOT
task1a_test_221,NOT
task1a_test_222,HOF
task1a_test_223,NOT
task1a_test_224,HOF
task1a_test_225,NOT
task1a_test_226,HOF
task1a_test_227,NOT
task1a_test_228,NOT
task1a_test_229,NOT
task1a_test_230,HOF
task1a_test_231,NOT
task1a_test_232,NOT
task1a_test_233,NOT
task1a_test_234,HOF
task1a_test_235,NOT
task1a_test_236,NOT
task1a_test_237,NOT
task1a_test_238,HOF
task1a_test_239,HOF
task1a_test_240,NOT
task1a_test_241,NOT
task1a_test_242,NOT
task1a_test_243,NOT
task1a_test_244,HOF
task1a_test_245,NOT
task1a_test_246,NOT
task1a_test_247,HOF
task1a_test_248,NOT
task1a_test_249,NOT
task1a_test_250,NOT
task1a_test_251,NOT
task1a_test_252,NOT
task1a_test_253,NOT
task1a_test_254,NOT
task1a_test_255,NOT
task1a_test_256,NOT
task1a_test_257,NOT
task1a_test_258,NOT
task1a_test_259,NOT
task1a_test_260,NOT
task1a_test_261,NOT
task1a_test_262,NOT
task1a_test_263,HOF
task1a_test_264,NOT
task1a_test_265,HOF
task1a_test_266,NOT
task1a_test_267,NOT
task1a_test_268,HOF
task1a_test_269,NOT
task1a_test_270,HOF
task1a_test_271,NOT
task1a_test_272,NOT
task1a_test_273,HOF
task1a_test_274,NOT
task1a_test_275,HOF
task1a_test_276,HOF
task1a_test_277,NOT
task1a_test_278,NOT
task1a_test_279,HOF
task1a_test_280,NOT
task1a_test_281,NOT
task1a_test_282,NOT
task1a_test_283,NOT
task1a_test_284,NOT
task1a_test_285,NOT
task1a_test_286,NOT
task1a_test_287,HOF
task1a_test_288,NOT
task1a_test_289,HOF
task1a_test_290,NOT
task1a_test_291,HOF
task1a_test_292,HOF
task1a_test_293,HOF
task1a_test_294,NOT
task1a_test_295,NOT
task1a_test_296,NOT
task1a_test_297,NOT
task1a_test_298,NOT
task1a_test_299,NOT
task1a_test_300,NOT
task1a_test_301,NOT
task1a_test_302,NOT
task1a_test_303,NOT
task1a_test_304,NOT
task1a_test_305,NOT
task1a_test_306,NOT
task1a_test_307,NOT
task1a_test_308,NOT
task1a_test_309,NOT
task1a_test_310,NOT
task1a_test_311,NOT
task1a_test_312,NOT
task1a_test_313,NOT
task1a_test_314,NOT
task1a_test_315,HOF
task1a_test_316,HOF
task1a_test_317,NOT
task1a_test_318,HOF
task1a_test_319,NOT
task1a_test_320,NOT
task1a_test_321,NOT
task1a_test_322,NOT
task1a_test_323,HOF
task1a_test_324,HOF
task1a_test_325,HOF
task1a_test_326,NOT
task1a_test_327,HOF
task1a_test_328,HOF
task1a_test_329,NOT
task1a_test_330,NOT
task1a_test_331,NOT
task1a_test_332,HOF
task1a_test_333,NOT
task1a_test_334,NOT
task1a_test_335,NOT
task1a_test_336,NOT
task1a_test_337,NOT
task1a_test_338,HOF
task1a_test_339,NOT
task1a_test_340,NOT
task1a_test_341,HOF
task1a_test_342,NOT
task1a_test_343,HOF
task1a_test_344,HOF
task1a_test_345,HOF
task1a_test_346,NOT
task1a_test_347,HOF
task1a_test_348,HOF
task1a_test_349,HOF
task1a_test_350,HOF
task1a_test_351,NOT
task1a_test_352,NOT
task1a_test_353,HOF
task1a_test_354,NOT
task1a_test_355,HOF
task1a_test_356,NOT
task1a_test_357,NOT
task1a_test_358,HOF
task1a_test_359,HOF
task1a_test_360,NOT
task1a_test_361,NOT
task1a_test_362,NOT
task1a_test_363,NOT
task1a_test_364,HOF
task1a_test_365,HOF
task1a_test_366,NOT
task1a_test_367,HOF
task1a_test_368,NOT
task1a_test_369,NOT
task1a_test_370,HOF
task1a_test_371,HOF
task1a_test_372,NOT
task1a_test_373,HOF
task1a_test_374,HOF
task1a_test_375,NOT
task1a_test_376,NOT
task1a_test_377,NOT
task1a_test_378,HOF
task1a_test_379,HOF
task1a_test_380,NOT
task1a_test_381,NOT
task1a_test_382,HOF
task1a_test_383,HOF
task1a_test_384,HOF
task1a_test_385,NOT
task1a_test_386,NOT
task1a_test_387,NOT
task1a_test_388,NOT
task1a_test_389,NOT
task1a_test_390,NOT
task1a_test_391,NOT
task1a_test_392,HOF
task1a_test_393,NOT
task1a_test_394,NOT
task1a_test_395,NOT
task1a_test_396,HOF
task1a_test_397,HOF
task1a_test_398,NOT
task1a_test_399,HOF
task1a_test_400,NOT
task1a_test_401,NOT
task1a_test_402,HOF
task1a_test_403,NOT
task1a_test_404,NOT
task1a_test_405,NOT
task1a_test_406,NOT
task1a_test_407,NOT
task1a_test_408,HOF
task1a_test_409,NOT
task1a_test_410,HOF
task1a_test_411,NOT
task1a_test_412,NOT
task1a_test_413,NOT
task1a_test_414,NOT
task1a_test_415,HOF
task1a_test_416,HOF
task1a_test_417,NOT
task1a_test_418,HOF
task1a_test_419,NOT
task1a_test_420,NOT
task1a_test_421,HOF
task1a_test_422,HOF
task1a_test_423,NOT
task1a_test_424,NOT
task1a_test_425,NOT
task1a_test_426,NOT
task1a_test_427,NOT
task1a_test_428,NOT
task1a_test_429,NOT
task1a_test_430,HOF
task1a_test_431,NOT
task1a_test_432,HOF
task1a_test_433,NOT
task1a_test_434,NOT
task1a_test_435,NOT
task1a_test_436,NOT
task1a_test_437,NOT
task1a_test_438,NOT
task1a_test_439,NOT
task1a_test_440,NOT
task1a_test_441,NOT
task1a_test_442,NOT
task1a_test_443,HOF
task1a_test_444,NOT
task1a_test_445,NOT
task1a_test_446,NOT
task1a_test_447,NOT
task1a_test_448,HOF
task1a_test_449,HOF
task1a_test_450,NOT
task1a_test_451,HOF
task1a_test_452,NOT
task1a_test_453,NOT
task1a_test_454,NOT
task1a_test_455,NOT
task1a_test_456,NOT
task1a_test_457,NOT
task1a_test_458,HOF
task1a_test_459,NOT
task1a_test_460,NOT
task1a_test_461,HOF
task1a_test_462,NOT
task1a_test_463,NOT
task1a_test_464,NOT
task1a_test_465,HOF
task1a_test_466,HOF
task1a_test_467,NOT
task1a_test_468,HOF
task1a_test_469,HOF
task1a_test_470,NOT
task1a_test_471,NOT
task1a_test_472,NOT
task1a_test_473,NOT
task1a_test_474,NOT
task1a_test_475,NOT
task1a_test_476,NOT
task1a_test_477,NOT
task1a_test_478,NOT
task1a_test_479,NOT
task1a_test_480,NOT
task1a_test_481,NOT
task1a_test_482,NOT
task1a_test_483,HOF
task1a_test_484,NOT
task1a_test_485,NOT
task1a_test_486,HOF
task1a_test_487,NOT
task1a_test_488,NOT
task1a_test_489,NOT
task1a_test_490,HOF
task1a_test_491,NOT
task1a_test_492,HOF
task1a_test_493,HOF
task1a_test_494,HOF
task1a_test_495,HOF
task1a_test_496,NOT
task1a_test_497,NOT
task1a_test_498,NOT
task1a_test_499,HOF
task1a_test_500,NOT
task1a_test_501,HOF
task1a_test_502,NOT
task1a_test_503,HOF
task1a_test_504,NOT
task1a_test_505,NOT
task1a_test_506,NOT
task1a_test_507,NOT
task1a_test_508,NOT
task1a_test_509,HOF
task1a_test_510,HOF
task1a_test_511,NOT
task1a_test_512,NOT
task1a_test_513,NOT
task1a_test_514,NOT
task1a_test_515,NOT
task1a_test_516,HOF
task1a_test_517,NOT
task1a_test_518,NOT
task1a_test_519,NOT
task1a_test_520,HOF
task1a_test_521,HOF
task1a_test_522,NOT
task1a_test_523,NOT
task1a_test_524,HOF
task1a_test_525,NOT
task1a_test_526,HOF
task1a_test_527,NOT
task1a_test_528,HOF
task1a_test_529,HOF
task1a_test_530,NOT
task1a_test_531,NOT
task1a_test_532,HOF
task1a_test_533,NOT
task1a_test_534,HOF
task1a_test_535,NOT
task1a_test_536,NOT
task1a_test_537,HOF
task1a_test_538,NOT
task1a_test_539,NOT
task1a_test_540,NOT
task1a_test_541,NOT
task1a_test_542,NOT
task1a_test_543,HOF
task1a_test_544,NOT
task1a_test_545,NOT
task1a_test_546,HOF
task1a_test_547,NOT
task1a_test_548,NOT
task1a_test_549,NOT
task1a_test_550,NOT
task1a_test_551,NOT
task1a_test_552,HOF
task1a_test_553,NOT
task1a_test_554,HOF
task1a_test_555,NOT
task1a_test_556,NOT
task1a_test_557,NOT
task1a_test_558,HOF
task1a_test_559,HOF
task1a_test_560,HOF
task1a_test_561,NOT
task1a_test_562,NOT
task1a_test_563,NOT
task1a_test_564,NOT
task1a_test_565,NOT
task1a_test_566,NOT
task1a_test_567,NOT
task1a_test_568,HOF
task1a_test_569,NOT
task1a_test_570,NOT
task1a_test_571,NOT
task1a_test_572,HOF
task1a_test_573,NOT
task1a_test_574,NOT
task1a_test_575,NOT
task1a_test_576,NOT
task1a_test_577,NOT
task1a_test_578,HOF
task1a_test_579,HOF
task1a_test_580,NOT
task1a_test_581,NOT
task1a_test_582,NOT
task1a_test_583,HOF
task1a_test_584,NOT
task1a_test_585,NOT
task1a_test_586,HOF
task1a_test_587,NOT
task1a_test_588,NOT
task1a_test_589,HOF
task1a_test_590,HOF
task1a_test_591,NOT
task1a_test_592,HOF
task1a_test_593,HOF
task1a_test_594,NOT
task1a_test_595,HOF
task1a_test_596,NOT
task1a_test_597,HOF
task1a_test_598,NOT
task1a_test_599,NOT
task1a_test_600,HOF
task1a_test_601,NOT
task1a_test_602,NOT
task1a_test_603,HOF
task1a_test_604,HOF
task1a_test_605,NOT
task1a_test_606,NOT
task1a_test_607,NOT
task1a_test_608,HOF
task1a_test_609,HOF
task1a_test_610,HOF
task1a_test_611,HOF
task1a_test_612,NOT
task1a_test_613,NOT
task1a_test_614,NOT
task1a_test_615,NOT
task1a_test_616,HOF
task1a_test_617,HOF
task1a_test_618,NOT
task1a_test_619,HOF
task1a_test_620,NOT
task1a_test_621,NOT
task1a_test_622,NOT
task1a_test_623,NOT
task1a_test_624,HOF
task1a_test_625,NOT
task1a_test_626,NOT
task1a_test_627,NOT
task1a_test_628,HOF
task1a_test_629,NOT
task1a_test_630,HOF
task1a_test_631,HOF
task1a_test_632,NOT
task1a_test_633,HOF
task1a_test_634,HOF
task1a_test_635,NOT
task1a_test_636,NOT
task1a_test_637,HOF
task1a_test_638,NOT
task1a_test_639,NOT
task1a_test_640,NOT
task1a_test_641,NOT
task1a_test_642,HOF
task1a_test_643,NOT
task1a_test_644,HOF
task1a_test_645,NOT
task1a_test_646,NOT
task1a_test_647,HOF
task1a_test_648,NOT
task1a_test_649,HOF
task1a_test_650,NOT
task1a_test_651,NOT
task1a_test_652,NOT
task1a_test_653,NOT
task1a_test_654,NOT
task1a_test_655,NOT
task1a_test_656,NOT
task1a_test_657,NOT
task1a_test_658,HOF
task1a_test_659,HOF
task1a_test_660,NOT
task1a_test_661,NOT
task1a_test_662,HOF
task1a_test_663,NOT
task1a_test_664,NOT
task1a_test_665,NOT
task1a_test_666,HOF
task1a_test_667,NOT
task1a_test_668,NOT
task1a_test_669,NOT
task1a_test_670,NOT
task1a_test_671,HOF
task1a_test_672,HOF
task1a_test_673,NOT
task1a_test_674,NOT
task1a_test_675,NOT
task1a_test_676,NOT
task1a_test_677,HOF
task1a_test_678,HOF
task1a_test_679,NOT
task1a_test_680,NOT
task1a_test_681,NOT
task1a_test_682,HOF
task1a_test_683,NOT
task1a_test_684,NOT
task1a_test_685,NOT
task1a_test_686,NOT
task1a_test_687,NOT
task1a_test_688,NOT
task1a_test_689,HOF
task1a_test_690,NOT
task1a_test_691,NOT
task1a_test_692,NOT
task1a_test_693,NOT
task1a_test_694,NOT
task1a_test_695,NOT
task1a_test_696,HOF
task1a_test_697,HOF
task1a_test_698,HOF
task1a_test_699,NOT
task1a_test_700,HOF
task1a_test_701,NOT
task1a_test_702,NOT
task1a_test_703,HOF
task1a_test_704,HOF
task1a_test_705,HOF
task1a_test_706,NOT
task1a_test_707,NOT
task1a_test_708,HOF
task1a_test_709,NOT
task1a_test_710,NOT
task1a_test_711,HOF
task1a_test_712,NOT
task1a_test_713,NOT
task1a_test_714,NOT
task1a_test_715,NOT
task1a_test_716,NOT
task1a_test_717,HOF
task1a_test_718,NOT
task1a_test_719,HOF
task1a_test_720,NOT
task1a_test_721,NOT
task1a_test_722,NOT
task1a_test_723,NOT
task1a_test_724,NOT
task1a_test_725,NOT
task1a_test_726,NOT
task1a_test_727,HOF
task1a_test_728,NOT
task1a_test_729,HOF
task1a_test_730,HOF
task1a_test_731,NOT
task1a_test_732,NOT
task1a_test_733,NOT
task1a_test_734,NOT
task1a_test_735,NOT
task1a_test_736,NOT
task1a_test_737,NOT
task1a_test_738,NOT
task1a_test_739,NOT
task1a_test_740,NOT
task1a_test_741,HOF
task1a_test_742,HOF
task1a_test_743,NOT
task1a_test_744,NOT
task1a_test_745,NOT
task1a_test_746,NOT
task1a_test_747,NOT
task1a_test_748,NOT
task1a_test_749,NOT
task1a_test_750,NOT
task1a_test_751,NOT
task1a_test_752,NOT
task1a_test_753,HOF
task1a_test_754,NOT
task1a_test_755,NOT
task1a_test_756,NOT
task1a_test_757,HOF
task1a_test_758,HOF
task1a_test_759,HOF
task1a_test_760,HOF
task1a_test_761,NOT
task1a_test_762,NOT
task1a_test_763,NOT
task1a_test_764,NOT
task1a_test_765,HOF
task1a_test_766,NOT
task1a_test_767,HOF
task1a_test_768,HOF
task1a_test_769,NOT
task1a_test_770,NOT
task1a_test_771,HOF
task1a_test_772,NOT
task1a_test_773,NOT
task1a_test_774,NOT
task1a_test_775,NOT
task1a_test_776,HOF
task1a_test_777,NOT
task1a_test_778,NOT
task1a_test_779,NOT
task1a_test_780,HOF
task1a_test_781,NOT
task1a_test_782,HOF
task1a_test_783,NOT
task1a_test_784,NOT
task1a_test_785,NOT
task1a_test_786,NOT
task1a_test_787,HOF
task1a_test_788,HOF
task1a_test_789,HOF
task1a_test_790,HOF
task1a_test_791,HOF
task1a_test_792,HOF
task1a_test_793,NOT
task1a_test_794,NOT
task1a_test_795,NOT
task1a_test_796,HOF
task1a_test_797,NOT
task1a_test_798,NOT
task1a_test_799,HOF
task1a_test_800,NOT
task1a_test_801,HOF
task1a_test_802,HOF
task1a_test_803,NOT
task1a_test_804,NOT
task1a_test_805,NOT
task1a_test_806,NOT
task1a_test_807,NOT
task1a_test_808,NOT
task1a_test_809,NOT
task1a_test_810,HOF
task1a_test_811,HOF
task1a_test_812,NOT
task1a_test_813,HOF
task1a_test_814,NOT
task1a_test_815,HOF
task1a_test_816,NOT
task1a_test_817,NOT
task1a_test_818,NOT
task1a_test_819,NOT
task1a_test_820,NOT
task1a_test_821,HOF
task1a_test_822,NOT
task1a_test_823,NOT
task1a_test_824,NOT
task1a_test_825,HOF
task1a_test_826,HOF
task1a_test_827,HOF
task1a_test_828,HOF
task1a_test_829,NOT
task1a_test_830,NOT
task1a_test_831,HOF
task1a_test_832,HOF
task1a_test_833,NOT
task1a_test_834,NOT
task1a_test_835,HOF
task1a_test_836,NOT
task1a_test_837,HOF
task1a_test_838,NOT
task1a_test_839,HOF
task1a_test_840,NOT
task1a_test_841,HOF
task1a_test_842,HOF
task1a_test_843,NOT
task1a_test_844,NOT
task1a_test_845,NOT
task1a_test_846,NOT
task1a_test_847,NOT
task1a_test_848,NOT
task1a_test_849,NOT
task1a_test_850,NOT
task1a_test_851,HOF
task1a_test_852,NOT
task1a_test_853,NOT
task1a_test_854,HOF
task1a_test_855,NOT
task1a_test_856,NOT
task1a_test_857,NOT
task1a_test_858,HOF
task1a_test_859,HOF
task1a_test_860,HOF
task1a_test_861,NOT
task1a_test_862,NOT
task1a_test_863,HOF
task1a_test_864,NOT
task1a_test_865,HOF
task1a_test_866,NOT
task1a_test_867,HOF
task1a_test_868,HOF
task1a_test_869,NOT
task1a_test_870,NOT
task1a_test_871,NOT
task1a_test_872,HOF
task1a_test_873,NOT
task1a_test_874,NOT
task1a_test_875,HOF
task1a_test_876,NOT
task1a_test_877,NOT
task1a_test_878,NOT
task1a_test_879,NOT
task1a_test_880,NOT
task1a_test_881,NOT
task1a_test_882,NOT
task1a_test_883,NOT
task1a_test_884,NOT
task1a_test_885,NOT
task1a_test_886,NOT
task1a_test_887,NOT
task1a_test_888,HOF
task1a_test_889,NOT
task1a_test_890,NOT
task1a_test_891,NOT
task1a_test_892,NOT
task1a_test_893,NOT
task1a_test_894,NOT
task1a_test_895,NOT
task1a_test_896,NOT
task1a_test_897,NOT
task1a_test_898,NOT
task1a_test_899,HOF
task1a_test_900,NOT
task1a_test_901,NOT
task1a_test_902,HOF
task1a_test_903,NOT
task1a_test_904,NOT
task1a_test_905,NOT
task1a_test_906,NOT
task1a_test_907,NOT
task1a_test_908,NOT
task1a_test_909,NOT
task1a_test_910,HOF
task1a_test_911,HOF
task1a_test_912,NOT
task1a_test_913,HOF
task1a_test_914,HOF
task1a_test_915,HOF
task1a_test_916,NOT
task1a_test_917,NOT
task1a_test_918,HOF
task1a_test_919,HOF
task1a_test_920,HOF
task1a_test_921,NOT
task1a_test_922,NOT
task1a_test_923,HOF
task1a_test_924,NOT
task1a_test_925,HOF
task1a_test_926,NOT
task1a_test_927,HOF
task1a_test_928,NOT
task1a_test_929,HOF
task1a_test_930,HOF
task1a_test_931,HOF
task1a_test_932,NOT
task1a_test_933,HOF
task1a_test_934,HOF
task1a_test_935,NOT
task1a_test_936,NOT
task1a_test_937,HOF
task1a_test_938,NOT
task1a_test_939,NOT
task1a_test_940,NOT
task1a_test_941,NOT
task1a_test_942,NOT
task1a_test_943,HOF
task1a_test_944,NOT
task1a_test_945,HOF
task1a_test_946,HOF
task1a_test_947,HOF
task1a_test_948,NOT
task1a_test_949,NOT
task1a_test_950,NOT
task1a_test_951,NOT
task1a_test_952,HOF
task1a_test_953,NOT
task1a_test_954,NOT
task1a_test_955,HOF
task1a_test_956,NOT
task1a_test_957,NOT
task1a_test_958,NOT
task1a_test_959,HOF
task1a_test_960,HOF
task1a_test_961,NOT
task1a_test_962,NOT
task1a_test_963,HOF
task1a_test_964,NOT
task1a_test_965,NOT
task1a_test_966,NOT
task1a_test_967,NOT
task1a_test_968,NOT
task1a_test_969,NOT
task1a_test_970,NOT
task1a_test_971,NOT
task1a_test_972,NOT
task1a_test_973,NOT
task1a_test_974,NOT
task1a_test_975,HOF
task1a_test_976,HOF
task1a_test_977,NOT
task1a_test_978,HOF
task1a_test_979,NOT
task1a_test_980,HOF
task1a_test_981,NOT
task1a_test_982,HOF
task1a_test_983,HOF
task1a_test_984,NOT
task1a_test_985,HOF
task1a_test_986,NOT
task1a_test_987,NOT
task1a_test_988,HOF
task1a_test_989,NOT
task1a_test_990,NOT
task1a_test_991,NOT
task1a_test_992,NOT
task1a_test_993,NOT
task1a_test_994,NOT
task1a_test_995,NOT
task1a_test_996,NOT
task1a_test_997,NOT
task1a_test_998,HOF
task1a_test_999,NOT
task1a_test_1000,NOT
task1a_test_1001,NOT
task1a_test_1002,NOT
task1a_test_1003,NOT
task1a_test_1004,HOF
task1a_test_1005,NOT
task1a_test_1006,NOT
task1a_test_1007,NOT
task1a_test_1008,NOT
task1a_test_1009,NOT
task1a_test_1010,NOT
task1a_test_1011,HOF
task1a_test_1012,NOT
task1a_test_1013,HOF
task1a_test_1014,HOF
task1a_test_1015,NOT
task1a_test_1016,HOF
task1a_test_1017,NOT
task1a_test_1018,NOT
task1a_test_1019,HOF
task1a_test_1020,NOT
task1a_test_1021,NOT
task1a_test_1022,NOT
task1a_test_1023,NOT
task1a_test_1024,HOF
task1a_test_1025,HOF
task1a_test_1026,HOF
task1a_test_1027,NOT
task1a_test_1028,NOT
task1a_test_1029,NOT
task1a_test_1030,NOT
task1a_test_1031,NOT
task1a_test_1032,NOT
task1a_test_1033,NOT
task1a_test_1034,NOT
task1a_test_1035,HOF
task1a_test_1036,NOT
task1a_test_1037,NOT
task1a_test_1038,NOT
task1a_test_1039,HOF
task1a_test_1040,HOF
task1a_test_1041,NOT
task1a_test_1042,HOF
task1a_test_1043,HOF
task1a_test_1044,NOT
task1a_test_1045,NOT
task1a_test_1046,HOF
task1a_test_1047,NOT
task1a_test_1048,NOT
task1a_test_1049,HOF
task1a_test_1050,HOF
task1a_test_1051,NOT
task1a_test_1052,NOT
task1a_test_1053,NOT
task1a_test_1054,NOT
task1a_test_1055,HOF
task1a_test_1056,NOT
task1a_test_1057,NOT
task1a_test_1058,NOT
task1a_test_1059,HOF
task1a_test_1060,NOT
task1a_test_1061,NOT
task1a_test_1062,HOF
task1a_test_1063,NOT
task1a_test_1064,NOT
task1a_test_1065,NOT
task1a_test_1066,HOF
task1a_test_1067,HOF
task1a_test_1068,NOT
task1a_test_1069,NOT
task1a_test_1070,HOF
task1a_test_1071,NOT
task1a_test_1072,HOF
task1a_test_1073,NOT
task1a_test_1074,NOT
task1a_test_1075,NOT
task1a_test_1076,NOT
task1a_test_1077,NOT
task1a_test_1078,NOT
task1a_test_1079,NOT
task1a_test_1080,NOT
task1a_test_1081,NOT
task1a_test_1082,NOT
task1a_test_1083,HOF
task1a_test_1084,NOT
task1a_test_1085,NOT
task1a_test_1086,NOT
task1a_test_1087,HOF
task1a_test_1088,HOF
task1a_test_1089,HOF
task1a_test_1090,NOT
task1a_test_1091,NOT
task1a_test_1092,HOF
task1a_test_1093,NOT
task1a_test_1094,NOT
task1a_test_1095,NOT
task1a_test_1096,NOT
task1a_test_1097,HOF
task1a_test_1098,HOF
task1a_test_1099,NOT
task1a_test_1100,NOT
task1a_test_1101,NOT
task1a_test_1102,NOT
task1a_test_1103,NOT
task1a_test_1104,NOT
task1a_test_1105,NOT
task1a_test_1106,HOF
task1a_test_1107,HOF
task1a_test_1108,NOT
task1a_test_1109,HOF
task1a_test_1110,HOF
task1a_test_1111,HOF
task1a_test_1112,HOF
task1a_test_1113,HOF
task1a_test_1114,NOT
task1a_test_1115,NOT
task1a_test_1116,HOF
task1a_test_1117,NOT
task1a_test_1118,HOF
task1a_test_1119,NOT
task1a_test_1120,NOT
task1a_test_1121,HOF
task1a_test_1122,HOF
task1a_test_1123,NOT
task1a_test_1124,NOT
task1a_test_1125,HOF
task1a_test_1126,HOF
task1a_test_1127,NOT
task1a_test_1128,NOT
task1a_test_1129,NOT
task1a_test_1130,HOF
task1a_test_1131,HOF
task1a_test_1132,NOT
task1a_test_1133,HOF
task1a_test_1134,NOT
task1a_test_1135,HOF
task1a_test_1136,NOT
task1a_test_1137,NOT
task1a_test_1138,HOF
task1a_test_1139,NOT
task1a_test_1140,NOT
task1a_test_1141,HOF
task1a_test_1142,NOT
task1a_test_1143,HOF
task1a_test_1144,NOT
task1a_test_1145,HOF
task1a_test_1146,NOT
task1a_test_1147,HOF
task1a_test_1148,HOF
task1a_test_1149,NOT
task1a_test_1150,NOT
task1a_test_1151,NOT
task1a_test_1152,NOT
task1a_test_1153,HOF
task1a_test_1154,HOF
task1a_test_1155,HOF
task1a_test_1156,NOT
task1a_test_1157,HOF
task1a_test_1158,NOT
task1a_test_1159,NOT
task1a_test_1160,NOT
task1a_test_1161,HOF
task1a_test_1162,NOT
task1a_test_1163,NOT
task1a_test_1164,NOT
task1a_test_1165,NOT
task1a_test_1166,NOT
task1a_test_1167,HOF
task1a_test_1168,HOF
task1a_test_1169,NOT
task1a_test_1170,NOT
task1a_test_1171,NOT
task1a_test_1172,NOT
task1a_test_1173,HOF
task1a_test_1174,NOT
task1a_test_1175,NOT
task1a_test_1176,NOT
task1a_test_1177,NOT
task1a_test_1178,NOT
task1a_test_1179,HOF
task1a_test_1180,NOT
task1a_test_1181,HOF
task1a_test_1182,HOF
task1a_test_1183,HOF
task1a_test_1184,HOF
task1a_test_1185,NOT
task1a_test_1186,NOT
task1a_test_1187,HOF
task1a_test_1188,NOT
task1a_test_1189,NOT
task1a_test_1190,HOF
task1a_test_1191,HOF
task1a_test_1192,HOF
task1a_test_1193,NOT
task1a_test_1194,HOF
task1a_test_1195,NOT
task1a_test_1196,NOT
task1a_test_1197,NOT
task1a_test_1198,HOF
task1a_test_1199,HOF
task1a_test_1200,NOT
task1a_test_1201,NOT
task1a_test_1202,NOT
task1a_test_1203,NOT
task1a_test_1204,NOT
task1a_test_1205,NOT
task1a_test_1206,NOT
task1a_test_1207,HOF
task1a_test_1208,HOF
task1a_test_1209,NOT
task1a_test_1210,NOT
task1a_test_1211,NOT
task1a_test_1212,NOT
task1a_test_1213,NOT
task1a_test_1214,NOT
task1a_test_1215,NOT
task1a_test_1216,NOT
task1a_test_1217,HOF
task1a_test_1218,NOT
task1a_test_1219,NOT
task1a_test_1220,NOT
task1a_test_1221,NOT
task1a_test_1222,HOF
task1a_test_1223,NOT
task1a_test_1224,HOF
task1a_test_1225,NOT
task1a_test_1226,NOT
task1a_test_1227,HOF
task1a_test_1228,NOT
task1a_test_1229,HOF
task1a_test_1230,HOF
task1a_test_1231,HOF
task1a_test_1232,NOT
task1a_test_1233,HOF
task1a_test_1234,NOT
task1a_test_1235,NOT
task1a_test_1236,NOT
task1a_test_1237,HOF
task1a_test_1238,HOF
task1a_test_1239,HOF
task1a_test_1240,NOT
task1a_test_1241,HOF
task1a_test_1242,NOT
task1a_test_1243,NOT
task1a_test_1244,NOT
task1a_test_1245,HOF
task1a_test_1246,NOT
task1a_test_1247,HOF
task1a_test_1248,NOT
task1a_test_1249,HOF
task1a_test_1250,NOT
task1a_test_1251,HOF
task1a_test_1252,NOT
task1a_test_1253,HOF
task1a_test_1254,NOT
task1a_test_1255,HOF
task1a_test_1256,HOF
task1a_test_1257,NOT
task1a_test_1258,NOT
task1a_test_1259,NOT
task1a_test_1260,HOF
task1a_test_1261,HOF
task1a_test_1262,NOT
task1a_test_1263,NOT
task1a_test_1264,NOT
task1a_test_1265,NOT
task1a_test_1266,NOT
task1a_test_1267,HOF
task1a_test_1268,NOT
task1a_test_1269,HOF
task1a_test_1270,HOF
task1a_test_1271,HOF
task1a_test_1272,HOF
task1a_test_1273,NOT
task1a_test_1274,NOT
task1a_test_1275,NOT
task1a_test_1276,NOT
task1a_test_1277,HOF
task1a_test_1278,NOT
task1a_test_1279,NOT
task1a_test_1280,NOT
task1a_test_1281,NOT
task1a_test_1282,HOF
task1a_test_1283,NOT
task1a_test_1284,HOF
task1a_test_1285,NOT
task1a_test_1286,NOT
task1a_test_1287,NOT
task1a_test_1288,HOF
task1a_test_1289,NOT
task1a_test_1290,NOT
task1a_test_1291,NOT
task1a_test_1292,NOT
task1a_test_1293,NOT
task1a_test_1294,NOT
task1a_test_1295,NOT
task1a_test_1296,NOT
task1a_test_1297,NOT
task1a_test_1298,NOT
task1a_test_1299,HOF
task1a_test_1300,NOT
task1a_test_1301,HOF
task1a_test_1302,NOT
task1a_test_1303,NOT
task1a_test_1304,NOT
task1a_test_1305,NOT
task1a_test_1306,HOF
task1a_test_1307,HOF
task1a_test_1308,NOT
task1a_test_1309,HOF
task1a_test_1310,NOT
task1a_test_1311,NOT
task1a_test_1312,NOT
task1a_test_1313,NOT
task1a_test_1314,NOT
task1a_test_1315,HOF
task1a_test_1316,HOF
task1a_test_1317,NOT
task1a_test_1318,NOT
task1a_test_1319,NOT
task1a_test_1320,HOF
task1a_test_1321,HOF
task1a_test_1322,NOT
task1a_test_1323,NOT
task1a_test_1324,HOF
task1a_test_1325,HOF
task1a_test_1326,NOT
task1a_test_1327,HOF
task1a_test_1328,NOT
task1a_test_1329,NOT
task1a_test_1330,NOT
task1a_test_1331,NOT
task1a_test_1332,HOF
task1a_test_1333,NOT
task1a_test_1334,NOT
task1a_test_1335,HOF
task1a_test_1336,HOF
task1a_test_1337,HOF
task1a_test_1338,HOF
task1a_test_1339,NOT
task1a_test_1340,HOF
task1a_test_1341,HOF
task1a_test_1342,NOT
task1a_test_1343,HOF
task1a_test_1344,NOT
task1a_test_1345,NOT
task1a_test_1346,HOF
task1a_test_1347,HOF
task1a_test_1348,NOT
task1a_test_1349,NOT
task1a_test_1350,NOT
task1a_test_1351,HOF
task1a_test_1352,NOT
task1a_test_1353,NOT
task1a_test_1354,HOF
task1a_test_1355,NOT
task1a_test_1356,HOF
task1a_test_1357,NOT
task1a_test_1358,NOT
task1a_test_1359,NOT
task1a_test_1360,NOT
task1a_test_1361,HOF
task1a_test_1362,NOT
task1a_test_1363,NOT
task1a_test_1364,NOT
task1a_test_1365,NOT
task1a_test_1366,NOT
task1a_test_1367,NOT
task1a_test_1368,NOT
task1a_test_1369,NOT
task1a_test_1370,HOF
task1a_test_1371,NOT
task1a_test_1372,HOF
task1a_test_1373,NOT
task1a_test_1374,NOT
task1a_test_1375,HOF
task1a_test_1376,NOT
task1a_test_1377,HOF
task1a_test_1378,NOT
task1a_test_1379,NOT
task1a_test_1380,NOT
task1a_test_1381,NOT
task1a_test_1382,HOF
task1a_test_1383,HOF
task1a_test_1384,HOF
task1a_test_1385,NOT
task1a_test_1386,HOF
task1a_test_1387,NOT
task1a_test_1388,HOF
task1a_test_1389,NOT
task1a_test_1390,NOT
task1a_test_1391,HOF
task1a_test_1392,HOF
task1a_test_1393,HOF
task1a_test_1394,HOF
task1a_test_1395,NOT
task1a_test_1396,NOT
task1a_test_1397,HOF
task1a_test_1398,HOF
task1a_test_1399,NOT
task1a_test_1400,HOF
task1a_test_1401,NOT
task1a_test_1402,HOF
task1a_test_1403,NOT
task1a_test_1404,NOT
task1a_test_1405,NOT
task1a_test_1406,NOT
task1a_test_1407,NOT
task1a_test_1408,NOT
task1a_test_1409,NOT
task1a_test_1410,NOT
task1a_test_1411,NOT
task1a_test_1412,NOT
task1a_test_1413,HOF
task1a_test_1414,NOT
task1a_test_1415,NOT
task1a_test_1416,NOT
task1a_test_1417,HOF
task1a_test_1418,NOT
task1a_test_1419,NOT
task1a_test_1420,NOT
task1a_test_1421,NOT
task1a_test_1422,NOT
task1a_test_1423,NOT
task1a_test_1424,NOT
task1a_test_1425,NOT
task1a_test_1426,NOT
task1a_test_1427,HOF
task1a_test_1428,NOT
task1a_test_1429,NOT
task1a_test_1430,HOF
task1a_test_1431,HOF
task1a_test_1432,NOT
task1a_test_1433,HOF
task1a_test_1434,NOT
task1a_test_1435,NOT
task1a_test_1436,NOT
task1a_test_1437,NOT
task1a_test_1438,NOT
task1a_test_1439,NOT
task1a_test_1440,HOF
task1a_test_1441,NOT
task1a_test_1442,NOT
task1a_test_1443,NOT
task1a_test_1444,HOF
task1a_test_1445,HOF
task1a_test_1446,NOT
task1a_test_1447,NOT
task1a_test_1448,HOF
task1a_test_1449,NOT
task1a_test_1450,HOF
task1a_test_1451,HOF
task1a_test_1452,HOF
task1a_test_1453,NOT
task1a_test_1454,NOT
task1a_test_1455,NOT
task1a_test_1456,HOF
task1a_test_1457,NOT
task1a_test_1458,NOT
task1a_test_1459,HOF
task1a_test_1460,HOF
task1a_test_1461,NOT
task1a_test_1462,NOT
task1a_test_1463,HOF
task1a_test_1464,NOT
task1a_test_1465,NOT
task1a_test_1466,HOF
task1a_test_1467,NOT
task1a_test_1468,NOT
task1a_test_1469,NOT
task1a_test_1470,NOT
task1a_test_1471,NOT
task1a_test_1472,HOF
task1a_test_1473,HOF
task1a_test_1474,NOT
task1a_test_1475,HOF
task1a_test_1476,HOF
task1a_test_1477,NOT
task1a_test_1478,NOT
task1a_test_1479,NOT
task1a_test_1480,NOT
task1a_test_1481,NOT
task1a_test_1482,NOT
task1a_test_1483,HOF
task1a_test_1484,NOT
task1a_test_1485,HOF
task1a_test_1486,HOF
task1a_test_1487,HOF
task1a_test_1488,NOT
task1a_test_1489,HOF
task1a_test_1490,NOT
task1a_test_1491,HOF
task1a_test_1492,HOF
task1a_test_1493,HOF
task1a_test_1494,NOT
task1a_test_1495,NOT
task1a_test_1496,NOT
task1a_test_1497,NOT
task1a_test_1498,NOT
task1a_test_1499,NOT
task1a_test_1500,NOT
task1a_test_1501,HOF
task1a_test_1502,NOT
task1a_test_1503,HOF
task1a_test_1504,NOT
task1a_test_1505,NOT
task1a_test_1506,NOT
task1a_test_1507,NOT
task1a_test_1508,HOF
task1a_test_1509,HOF
task1a_test_1510,NOT
task1a_test_1511,NOT
task1a_test_1512,NOT
task1a_test_1513,NOT
task1a_test_1514,NOT
task1a_test_1515,NOT
task1a_test_1516,NOT
task1a_test_1517,NOT
task1a_test_1518,NOT
task1a_test_1519,NOT
task1a_test_1520,NOT
task1a_test_1521,HOF
task1a_test_1522,NOT
task1a_test_1523,NOT
task1a_test_1524,HOF
task1a_test_1525,HOF
task1a_test_1526,HOF
task1a_test_1527,NOT
task1a_test_1528,NOT
task1a_test_1529,NOT
task1a_test_1530,NOT
task1a_test_1531,NOT
task1a_test_1532,NOT
task1a_test_1533,NOT
task1a_test_1534,NOT
task1a_test_1535,HOF
task1a_test_1536,NOT
task1a_test_1537,NOT
task1a_test_1538,HOF
task1a_test_1539,NOT
task1a_test_1540,NOT
task1a_test_1541,NOT
task1a_test_1542,HOF
task1a_test_1543,HOF
task1a_test_1544,NOT
task1a_test_1545,NOT
task1a_test_1546,NOT
task1a_test_1547,HOF
task1a_test_1548,NOT
task1a_test_1549,NOT
task1a_test_1550,HOF
task1a_test_1551,NOT
task1a_test_1552,HOF
task1a_test_1553,NOT
task1a_test_1554,HOF
task1a_test_1555,NOT
task1a_test_1556,HOF
task1a_test_1557,NOT
task1a_test_1558,NOT
task1a_test_1559,NOT
task1a_test_1560,HOF
task1a_test_1561,NOT
task1a_test_1562,NOT
task1a_test_1563,HOF
task1a_test_1564,NOT
task1a_test_1565,NOT
task1a_test_1566,NOT
task1a_test_1567,NOT
task1a_test_1568,NOT
task1a_test_1569,NOT
task1a_test_1570,NOT
task1a_test_1571,NOT
task1a_test_1572,NOT
task1a_test_1573,NOT
task1a_test_1574,NOT
task1a_test_1575,NOT
task1a_test_1576,NOT
task1a_test_1577,HOF
task1a_test_1578,NOT
task1a_test_1579,NOT
task1a_test_1580,NOT
task1a_test_1581,HOF
task1a_test_1582,NOT
task1a_test_1583,NOT
task1a_test_1584,NOT
task1a_test_1585,HOF
task1a_test_1586,NOT
task1a_test_1587,NOT
task1a_test_1588,NOT
task1a_test_1589,HOF
task1a_test_1590,NOT
task1a_test_1591,HOF
task1a_test_1592,NOT
task1a_test_1593,HOF
task1a_test_1594,HOF
task1a_test_1595,NOT
task1a_test_1596,HOF
task1a_test_1597,NOT
task1a_test_1598,HOF
task1a_test_1599,NOT
task1a_test_1600,NOT
task1a_test_1601,NOT
task1a_test_1602,HOF
task1a_test_1603,NOT
task1a_test_1604,HOF
task1a_test_1605,HOF
task1a_test_1606,HOF
task1a_test_1607,NOT
task1a_test_1608,NOT
task1a_test_1609,HOF
task1a_test_1610,HOF
task1a_test_1611,HOF
task1a_test_1612,NOT
task1a_test_1613,NOT
task1a_test_1614,NOT
task1a_test_1615,NOT
task1a_test_1616,NOT
task1a_test_1617,NOT
task1a_test_1618,HOF
task1a_test_1619,NOT
task1a_test_1620,NOT
task1a_test_1621,HOF
task1a_test_1622,NOT
task1a_test_1623,HOF
task1a_test_1624,NOT
task1a_test_1625,NOT
task1a_test_1626,HOF
task1a_test_1627,NOT
task1a_test_1628,HOF
task1a_test_1629,NOT
task1a_test_1630,HOF
task1a_test_1631,NOT
task1a_test_1632,HOF
task1a_test_1633,HOF
task1a_test_1634,NOT
task1a_test_1635,NOT
task1a_test_1636,NOT
task1a_test_1637,NOT
task1a_test_1638,NOT
task1a_test_1639,NOT
task1a_test_1640,HOF
task1a_test_1641,NOT
task1a_test_1642,NOT
task1a_test_1643,HOF
task1a_test_1644,NOT
task1a_test_1645,HOF
task1a_test_1646,NOT
task1a_test_1647,NOT
task1a_test_1648,HOF
task1a_test_1649,HOF
task1a_test_1650,HOF
task1a_test_1651,NOT
task1a_test_1652,HOF
task1a_test_1653,NOT
task1a_test_1654,NOT
task1a_test_1655,NOT
task1a_test_1656,NOT
task1a_test_1657,HOF
task1a_test_1658,NOT
task1a_test_1659,HOF
task1a_test_1660,NOT
task1a_test_1661,NOT
task1a_test_1662,NOT
task1a_test_1663,NOT
task1a_test_1664,NOT
task1a_test_1665,NOT
task1a_test_1666,NOT
task1a_test_1667,HOF
task1a_test_1668,HOF
task1a_test_1669,HOF
task1a_test_1670,HOF
task1a_test_1671,NOT
task1a_test_1672,NOT
task1a_test_1673,NOT
task1a_test_1674,HOF
task1a_test_1675,NOT
task1a_test_1676,NOT
task1a_test_1677,HOF
task1a_test_1678,NOT
task1a_test_1679,NOT
task1a_test_1680,NOT
task1a_test_1681,HOF
task1a_test_1682,NOT
task1a_test_1683,HOF
task1a_test_1684,NOT
task1a_test_1685,HOF
task1a_test_1686,NOT
task1a_test_1687,NOT
task1a_test_1688,HOF
task1a_test_1689,NOT
task1a_test_1690,NOT
task1a_test_1691,NOT
task1a_test_1692,NOT
task1a_test_1693,NOT
task1a_test_1694,NOT
task1a_test_1695,HOF
task1a_test_1696,NOT
task1a_test_1697,HOF
task1a_test_1698,NOT
task1a_test_1699,HOF
task1a_test_1700,NOT
task1a_test_1701,NOT
task1a_test_1702,HOF
task1a_test_1703,NOT
task1a_test_1704,NOT
task1a_test_1705,NOT
task1a_test_1706,NOT
task1a_test_1707,NOT
task1a_test_1708,HOF
task1a_test_1709,HOF
task1a_test_1710,NOT
task1a_test_1711,NOT
task1a_test_1712,NOT
task1a_test_1713,NOT
task1a_test_1714,HOF
task1a_test_1715,HOF
task1a_test_1716,NOT
task1a_test_1717,HOF
task1a_test_1718,HOF
task1a_test_1719,HOF
task1a_test_1720,HOF
task1a_test_1721,NOT
task1a_test_1722,NOT
task1a_test_1723,NOT
task1a_test_1724,NOT
task1a_test_1725,NOT
task1a_test_1726,NOT
task1a_test_1727,HOF
task1a_test_1728,NOT
task1a_test_1729,NOT
task1a_test_1730,NOT
task1a_test_1731,NOT
task1a_test_1732,NOT
task1a_test_1733,NOT
task1a_test_1734,HOF
task1a_test_1735,NOT
task1a_test_1736,HOF
task1a_test_1737,NOT
task1a_test_1738,HOF
task1a_test_1739,HOF
task1a_test_1740,NOT
task1a_test_1741,NOT
task1a_test_1742,HOF
task1a_test_1743,NOT
task1a_test_1744,NOT
task1a_test_1745,NOT
task1a_test_1746,NOT
task1a_test_1747,HOF
task1a_test_1748,NOT
task1a_test_1749,NOT
task1a_test_1750,NOT
task1a_test_1751,NOT
task1a_test_1752,HOF
task1a_test_1753,NOT
task1a_test_1754,HOF
task1a_test_1755,NOT
task1a_test_1756,NOT
task1a_test_1757,HOF
task1a_test_1758,NOT
task1a_test_1759,NOT
task1a_test_1760,HOF
task1a_test_1761,HOF
task1a_test_1762,NOT
task1a_test_1763,NOT
task1a_test_1764,NOT
task1a_test_1765,NOT
task1a_test_1766,HOF
task1a_test_1767,NOT
task1a_test_1768,HOF
task1a_test_1769,HOF
task1a_test_1770,NOT
task1a_test_1771,NOT
task1a_test_1772,NOT
task1a_test_1773,HOF
task1a_test_1774,NOT
task1a_test_1775,NOT
task1a_test_1776,NOT
task1a_test_1777,NOT
task1a_test_1778,NOT
task1a_test_1779,HOF
task1a_test_1780,NOT
task1a_test_1781,HOF
task1a_test_1782,NOT
task1a_test_1783,NOT
task1a_test_1784,HOF
task1a_test_1785,HOF
task1a_test_1786,NOT
task1a_test_1787,HOF
task1a_test_1788,NOT
task1a_test_1789,NOT
task1a_test_1790,NOT
task1a_test_1791,NOT
task1a_test_1792,HOF
task1a_test_1793,HOF
task1a_test_1794,NOT
task1a_test_1795,HOF
task1a_test_1796,HOF
task1a_test_1797,HOF
task1a_test_1798,HOF
task1a_test_1799,NOT
task1a_test_1800,NOT
task1a_test_1801,HOF
task1a_test_1802,NOT
task1a_test_1803,HOF
task1a_test_1804,NOT
task1a_test_1805,HOF
task1a_test_1806,NOT
task1a_test_1807,NOT
task1a_test_1808,NOT
task1a_test_1809,NOT
task1a_test_1810,HOF
task1a_test_1811,NOT
task1a_test_1812,HOF
task1a_test_1813,HOF
task1a_test_1814,NOT
task1a_test_1815,HOF
task1a_test_1816,HOF
task1a_test_1817,NOT
task1a_test_1818,NOT
task1a_test_1819,HOF
task1a_test_1820,NOT
task1a_test_1821,NOT
task1a_test_1822,HOF
task1a_test_1823,NOT
task1a_test_1824,NOT
task1a_test_1825,HOF
task1a_test_1826,HOF
task1a_test_1827,NOT
task1a_test_1828,NOT
task1a_test_1829,NOT
task1a_test_1830,HOF
task1a_test_1831,NOT
task1a_test_1832,NOT
task1a_test_1833,HOF
task1a_test_1834,HOF
task1a_test_1835,NOT
task1a_test_1836,HOF
task1a_test_1837,NOT
task1a_test_1838,NOT
task1a_test_1839,NOT
task1a_test_1840,HOF
task1a_test_1841,NOT
task1a_test_1842,HOF
task1a_test_1843,HOF
task1a_test_1844,HOF
task1a_test_1845,NOT
task1a_test_1846,NOT
task1a_test_1847,NOT
task1a_test_1848,HOF
task1a_test_1849,NOT
task1a_test_1850,NOT
task1a_test_1851,NOT
task1a_test_1852,HOF
task1a_test_1853,NOT
task1a_test_1854,NOT
task1a_test_1855,HOF
task1a_test_1856,NOT
task1a_test_1857,NOT
task1a_test_1858,HOF
task1a_test_1859,NOT
task1a_test_1860,HOF
task1a_test_1861,HOF
task1a_test_1862,NOT
task1a_test_1863,HOF
task1a_test_1864,NOT
task1a_test_1865,NOT
task1a_test_1866,NOT
task1a_test_1867,HOF
task1a_test_1868,NOT
task1a_test_1869,NOT
task1a_test_1870,HOF
task1a_test_1871,NOT
task1a_test_1872,NOT
task1a_test_1873,NOT
task1a_test_1874,NOT
task1a_test_1875,NOT
task1a_test_1876,NOT
task1a_test_1877,HOF
task1a_test_1878,NOT
task1a_test_1879,NOT
task1a_test_1880,NOT
task1a_test_1881,HOF
task1a_test_1882,HOF
task1a_test_1883,NOT
task1a_test_1884,NOT
task1a_test_1885,NOT
task1a_test_1886,HOF
task1a_test_1887,NOT
task1a_test_1888,NOT
task1a_test_1889,NOT
task1a_test_1890,NOT
task1a_test_1891,NOT
task1a_test_1892,HOF
task1a_test_1893,NOT
task1a_test_1894,NOT
task1a_test_1895,HOF
task1a_test_1896,NOT
task1a_test_1897,NOT
task1a_test_1898,NOT
task1a_test_1899,NOT
task1a_test_1900,NOT
task1a_test_1901,NOT
task1a_test_1902,NOT
task1a_test_1903,NOT
task1a_test_1904,HOF
task1a_test_1905,HOF
task1a_test_1906,NOT
task1a_test_1907,NOT
task1a_test_1908,NOT
task1a_test_1909,HOF
task1a_test_1910,NOT
task1a_test_1911,HOF
task1a_test_1912,HOF
task1a_test_1913,NOT
task1a_test_1914,NOT
task1a_test_1915,NOT
task1a_test_1916,NOT
task1a_test_1917,NOT
task1a_test_1918,NOT
task1a_test_1919,NOT
task1a_test_1920,NOT
task1a_test_1921,NOT
task1a_test_1922,NOT
task1a_test_1923,HOF
task1a_test_1924,NOT
task1a_test_1925,NOT
task1a_test_1926,NOT
task1a_test_1927,NOT
task1a_test_1928,NOT
task1a_test_1929,HOF
task1a_test_1930,HOF
task1a_test_1931,NOT
task1a_test_1932,HOF
task1a_test_1933,HOF
task1a_test_1934,NOT
task1a_test_1935,NOT
task1a_test_1936,NOT
task1a_test_1937,NOT
task1a_test_1938,NOT
task1a_test_1939,HOF
task1a_test_1940,HOF
task1a_test_1941,NOT
task1a_test_1942,HOF
task1a_test_1943,HOF
task1a_test_1944,NOT
task1a_test_1945,HOF
task1a_test_1946,HOF
task1a_test_1947,NOT
task1a_test_1948,NOT
task1a_test_1949,NOT
task1a_test_1950,NOT
task1a_test_1951,HOF
task1a_test_1952,NOT
task1a_test_1953,HOF
task1a_test_1954,HOF
task1a_test_1955,NOT
task1a_test_1956,NOT
task1a_test_1957,NOT
task1a_test_1958,HOF
task1a_test_1959,NOT
task1a_test_1960,HOF
task1a_test_1961,NOT
task1a_test_1962,NOT
task1a_test_1963,NOT
task1a_test_1964,HOF
task1a_test_1965,HOF
task1a_test_1966,NOT
task1a_test_1967,HOF
task1a_test_1968,NOT
task1a_test_1969,NOT
task1a_test_1970,NOT
task1a_test_1971,NOT
task1a_test_1972,NOT
task1a_test_1973,NOT
task1a_test_1974,HOF
task1a_test_1975,HOF
task1a_test_1976,HOF
task1a_test_1977,HOF
task1a_test_1978,NOT
task1a_test_1979,HOF
task1a_test_1980,HOF
task1a_test_1981,NOT
task1a_test_1982,NOT
task1a_test_1983,HOF
task1a_test_1984,NOT
task1a_test_1985,NOT
task1a_test_1986,NOT
task1a_test_1987,HOF
task1a_test_1988,NOT
task1a_test_1989,NOT
task1a_test_1990,HOF
task1a_test_1991,NOT
task1a_test_1992,NOT
task1a_test_1993,HOF
task1a_test_1994,NOT
task1a_test_1995,HOF
task1a_test_1996,NOT
task1a_test_1997,HOF
task1a_test_1998,HOF
task1a_test_1999,HOF
task1a_test_2000,HOF
task1a_test_2001,NOT
task1a_test_2002,HOF
task1a_test_2003,NOT
task1a_test_2004,NOT
task1a_test_2005,NOT
task1a_test_2006,NOT
task1a_test_2007,NOT
task1a_test_2008,HOF
task1a_test_2009,NOT
task1a_test_2010,NOT
task1a_test_2011,HOF
task1a_test_2012,NOT
task1a_test_2013,NOT
task1a_test_2014,NOT
task1a_test_2015,NOT
task1a_test_2016,NOT
task1a_test_2017,NOT
task1a_test_2018,HOF
task1a_test_2019,NOT
task1a_test_2020,NOT
task1a_test_2021,NOT
task1a_test_2022,NOT
task1a_test_2023,NOT
task1a_test_2024,HOF
task1a_test_2025,HOF
task1a_test_2026,HOF
task1a_test_2027,NOT
task1a_test_2028,NOT
task1a_test_2029,HOF
task1a_test_2030,NOT
task1a_test_2031,NOT
task1a_test_2032,NOT
task1a_test_2033,HOF
task1a_test_2034,NOT
task1a_test_2035,HOF
task1a_test_2036,HOF
task1a_test_2037,NOT
task1a_test_2038,NOT
task1a_test_2039,HOF
task1a_test_2040,NOT
task1a_test_2041,NOT
task1a_test_2042,NOT
task1a_test_2043,NOT
task1a_test_2044,HOF
task1a_test_2045,NOT
task1a_test_2046,NOT
task1a_test_2047,HOF
task1a_test_2048,HOF
task1a_test_2049,NOT
task1a_test_2050,NOT
task1a_test_2051,NOT
task1a_test_2052,NOT
task1a_test_2053,HOF
task1a_test_2054,NOT
task1a_test_2055,NOT
task1a_test_2056,NOT
task1a_test_2057,NOT
task1a_test_2058,NOT
task1a_test_2059,HOF
task1a_test_2060,HOF
task1a_test_2061,HOF
task1a_test_2062,HOF
task1a_test_2063,HOF
task1a_test_2064,NOT
task1a_test_2065,NOT
task1a_test_2066,NOT
task1a_test_2067,NOT
task1a_test_2068,HOF
task1a_test_2069,HOF
task1a_test_2070,NOT
task1a_test_2071,HOF
task1a_test_2072,NOT
task1a_test_2073,NOT
task1a_test_2074,NOT
task1a_test_2075,NOT
task1a_test_2076,HOF
task1a_test_2077,NOT
task1a_test_2078,NOT
task1a_test_2079,HOF
task1a_test_2080,HOF
task1a_test_2081,NOT
task1a_test_2082,NOT
task1a_test_2083,NOT
task1a_test_2084,NOT
task1a_test_2085,NOT
task1a_test_2086,NOT
task1a_test_2087,NOT
task1a_test_2088,NOT
task1a_test_2089,NOT
task1a_test_2090,NOT
task1a_test_2091,NOT
task1a_test_2092,NOT
task1a_test_2093,HOF
task1a_test_2094,HOF
task1a_test_2095,HOF
task1a_test_2096,HOF
task1a_test_2097,NOT
task1a_test_2098,NOT
task1a_test_2099,NOT
task1a_test_2100,HOF
task1a_test_2101,NOT
task1a_test_2102,NOT
task1a_test_2103,HOF
task1a_test_2104,NOT
task1a_test_2105,HOF
task1a_test_2106,HOF
task1a_test_2107,HOF
task1a_test_2108,NOT
task1a_test_2109,NOT
task1a_test_2110,NOT
task1a_test_2111,NOT
task1a_test_2112,NOT
task1a_test_2113,NOT
task1a_test_2114,HOF
task1a_test_2115,NOT
task1a_test_2116,NOT
task1a_test_2117,NOT
task1a_test_2118,NOT
task1a_test_2119,NOT
task1a_test_2120,NOT
task1a_test_2121,NOT
task1a_test_2122,HOF
task1a_test_2123,NOT
task1a_test_2124,HOF
task1a_test_2125,NOT
task1a_test_2126,HOF
task1a_test_2127,HOF
task1a_test_2128,HOF
task1a_test_2129,HOF
task1a_test_2130,NOT
task1a_test_2131,NOT
task1a_test_2132,HOF
task1a_test_2133,NOT
task1a_test_2134,NOT
task1a_test_2135,NOT
task1a_test_2136,HOF
task1a_test_2137,NOT
task1a_test_2138,HOF
task1a_test_2139,HOF
task1a_test_2140,NOT
task1a_test_2141,HOF
task1a_test_2142,NOT
task1a_test_2143,HOF
task1a_test_2144,NOT
task1a_test_2145,NOT
task1a_test_2146,NOT
task1a_test_2147,NOT
task1a_test_2148,HOF
task1a_test_2149,NOT
task1a_test_2150,NOT
task1a_test_2151,NOT
task1a_test_2152,HOF
task1a_test_2153,NOT
task1a_test_2154,NOT
task1a_test_2155,HOF
task1a_test_2156,NOT
task1a_test_2157,NOT
task1a_test_2158,HOF
task1a_test_2159,NOT
task1a_test_2160,NOT
task1a_test_2161,NOT
task1a_test_2162,NOT
task1a_test_2163,NOT
task1a_test_2164,NOT
task1a_test_2165,NOT
task1a_test_2166,NOT
task1a_test_2167,NOT
task1a_test_2168,HOF
task1a_test_2169,HOF
task1a_test_2170,HOF
task1a_test_2171,HOF
task1a_test_2172,NOT
task1a_test_2173,NOT
task1a_test_2174,HOF
task1a_test_2175,NOT
task1a_test_2176,NOT
task1a_test_2177,NOT
task1a_test_2178,HOF
task1a_test_2179,HOF
task1a_test_2180,HOF
task1a_test_2181,HOF
task1a_test_2182,HOF
task1a_test_2183,NOT
task1a_test_2184,NOT
task1a_test_2185,HOF
task1a_test_2186,NOT
task1a_test_2187,HOF
task1a_test_2188,HOF
task1a_test_2189,HOF
task1a_test_2190,NOT
task1a_test_2191,NOT
task1a_test_2192,NOT
task1a_test_2193,HOF
task1a_test_2194,NOT
task1a_test_2195,HOF
task1a_test_2196,HOF
task1a_test_2197,HOF
task1a_test_2198,HOF
task1a_test_2199,HOF
task1a_test_2200,NOT
task1a_test_2201,NOT
task1a_test_2202,HOF
task1a_test_2203,HOF
task1a_test_2204,NOT
task1a_test_2205,NOT
task1a_test_2206,HOF
task1a_test_2207,NOT
task1a_test_2208,HOF
task1a_test_2209,NOT
task1a_test_2210,HOF
task1a_test_2211,HOF
task1a_test_2212,NOT
task1a_test_2213,NOT
task1a_test_2214,NOT
task1a_test_2215,HOF
task1a_test_2216,NOT
task1a_test_2217,HOF
task1a_test_2218,HOF
task1a_test_2219,HOF
task1a_test_2220,NOT
task1a_test_2221,NOT
task1a_test_2222,HOF
task1a_test_2223,NOT
task1a_test_2224,HOF
task1a_test_2225,HOF
task1a_test_2226,HOF
task1a_test_2227,HOF
task1a_test_2228,NOT
task1a_test_2229,NOT
task1a_test_2230,HOF
task1a_test_2231,NOT
task1a_test_2232,HOF
task1a_test_2233,NOT
task1a_test_2234,NOT
task1a_test_2235,NOT
task1a_test_2236,NOT
task1a_test_2237,NOT
task1a_test_2238,NOT
task1a_test_2239,HOF
task1a_test_2240,NOT
task1a_test_2241,HOF
task1a_test_2242,HOF
task1a_test_2243,HOF
task1a_test_2244,NOT
task1a_test_2245,HOF
task1a_test_2246,NOT
task1a_test_2247,NOT
task1a_test_2248,NOT
task1a_test_2249,NOT
task1a_test_2250,NOT
task1a_test_2251,NOT
task1a_test_2252,NOT
task1a_test_2253,HOF
task1a_test_2254,NOT
task1a_test_2255,NOT
task1a_test_2256,NOT
task1a_test_2257,NOT
task1a_test_2258,NOT
task1a_test_2259,HOF
task1a_test_2260,HOF
task1a_test_2261,NOT
task1a_test_2262,NOT
task1a_test_2263,NOT
task1a_test_2264,NOT
task1a_test_2265,NOT
task1a_test_2266,HOF
task1a_test_2267,NOT
task1a_test_2268,NOT
task1a_test_2269,HOF
task1a_test_2270,HOF
task1a_test_2271,NOT
task1a_test_2272,HOF
task1a_test_2273,NOT
task1a_test_2274,NOT
task1a_test_2275,NOT
task1a_test_2276,NOT
task1a_test_2277,NOT
task1a_test_2278,HOF
task1a_test_2279,HOF
task1a_test_2280,NOT
task1a_test_2281,HOF
task1a_test_2282,NOT
task1a_test_2283,HOF
task1a_test_2284,HOF
task1a_test_2285,HOF
task1a_test_2286,HOF
task1a_test_2287,NOT
task1a_test_2288,NOT
task1a_test_2289,NOT
task1a_test_2290,HOF
task1a_test_2291,NOT
task1a_test_2292,HOF
task1a_test_2293,NOT
task1a_test_2294,NOT
task1a_test_2295,HOF
task1a_test_2296,NOT
task1a_test_2297,NOT
task1a_test_2298,NOT
task1a_test_2299,NOT
task1a_test_2300,NOT
task1a_test_2301,NOT
task1a_test_2302,HOF
task1a_test_2303,NOT
task1a_test_2304,HOF
task1a_test_2305,HOF
task1a_test_2306,NOT
task1a_test_2307,HOF
task1a_test_2308,NOT
task1a_test_2309,NOT
task1a_test_2310,NOT
task1a_test_2311,HOF
task1a_test_2312,HOF
task1a_test_2313,NOT
task1a_test_2314,NOT
task1a_test_2315,HOF
task1a_test_2316,NOT
task1a_test_2317,NOT
task1a_test_2318,NOT
task1a_test_2319,HOF
task1a_test_2320,NOT
task1a_test_2321,NOT
task1a_test_2322,HOF
task1a_test_2323,HOF
task1a_test_2324,NOT
task1a_test_2325,HOF
task1a_test_2326,HOF
task1a_test_2327,NOT
task1a_test_2328,NOT
task1a_test_2329,HOF
task1a_test_2330,HOF
task1a_test_2331,NOT
task1a_test_2332,HOF
task1a_test_2333,NOT
task1a_test_2334,HOF
task1a_test_2335,HOF
task1a_test_2336,NOT
task1a_test_2337,NOT
task1a_test_2338,HOF
task1a_test_2339,NOT
task1a_test_2340,NOT
task1a_test_2341,NOT
task1a_test_2342,HOF
task1a_test_2343,NOT
task1a_test_2344,HOF
task1a_test_2345,NOT
task1a_test_2346,NOT
task1a_test_2347,NOT
task1a_test_2348,HOF
task1a_test_2349,NOT
task1a_test_2350,HOF
task1a_test_2351,HOF
task1a_test_2352,HOF
task1a_test_2353,NOT
task1a_test_2354,NOT
task1a_test_2355,NOT
task1a_test_2356,NOT
task1a_test_2357,HOF
task1a_test_2358,HOF
task1a_test_2359,NOT
task1a_test_2360,HOF
task1a_test_2361,NOT
task1a_test_2362,HOF
task1a_test_2363,HOF
task1a_test_2364,NOT
task1a_test_2365,NOT
task1a_test_2366,NOT
task1a_test_2367,HOF
task1a_test_2368,NOT
task1a_test_2369,NOT
task1a_test_2370,NOT
task1a_test_2371,HOF
task1a_test_2372,NOT
task1a_test_2373,HOF
task1a_test_2374,NOT
task1a_test_2375,NOT
task1a_test_2376,HOF
task1a_test_2377,HOF
task1a_test_2378,HOF
task1a_test_2379,NOT
task1a_test_2380,NOT
task1a_test_2381,HOF
task1a_test_2382,NOT
task1a_test_2383,HOF
task1a_test_2384,HOF
task1a_test_2385,NOT
task1a_test_2386,NOT
task1a_test_2387,HOF
task1a_test_2388,HOF
task1a_test_2389,HOF
task1a_test_2390,HOF
task1a_test_2391,NOT
task1a_test_2392,HOF
task1a_test_2393,NOT
task1a_test_2394,HOF
task1a_test_2395,NOT
task1a_test_2396,NOT
task1a_test_2397,NOT
task1a_test_2398,HOF
task1a_test_2399,NOT
task1a_test_2400,NOT
task1a_test_2401,NOT
task1a_test_2402,NOT
task1a_test_2403,NOT
task1a_test_2404,HOF
task1a_test_2405,NOT
task1a_test_2406,HOF
task1a_test_2407,NOT
task1a_test_2408,NOT
task1a_test_2409,NOT
task1a_test_2410,NOT
task1a_test_2411,NOT
task1a_test_2412,NOT
task1a_test_2413,NOT
task1a_test_2414,HOF
task1a_test_2415,HOF
task1a_test_2416,NOT
task1a_test_2417,HOF
task1a_test_2418,NOT
task1a_test_2419,NOT
task1a_test_2420,HOF
task1a_test_2421,HOF
task1a_test_2422,HOF
task1a_test_2423,HOF
task1a_test_2424,NOT
task1a_test_2425,NOT
task1a_test_2426,HOF
task1a_test_2427,NOT
task1a_test_2428,NOT
task1a_test_2429,NOT
task1a_test_2430,NOT
task1a_test_2431,NOT
task1a_test_2432,NOT
task1a_test_2433,NOT
task1a_test_2434,HOF
task1a_test_2435,HOF
task1a_test_2436,NOT
task1a_test_2437,NOT
task1a_test_2438,NOT
task1a_test_2439,NOT
task1a_test_2440,NOT
task1a_test_2441,NOT
task1a_test_2442,NOT
task1a_test_2443,HOF
task1a_test_2444,NOT
task1a_test_2445,HOF
task1a_test_2446,HOF
task1a_test_2447,NOT
task1a_test_2448,NOT
task1a_test_2449,NOT
task1a_test_2450,HOF
task1a_test_2451,NOT
task1a_test_2452,NOT
task1a_test_2453,NOT
task1a_test_2454,NOT
task1a_test_2455,NOT
task1a_test_2456,NOT
task1a_test_2457,HOF
task1a_test_2458,HOF
task1a_test_2459,HOF
task1a_test_2460,HOF
task1a_test_2461,NOT
task1a_test_2462,NOT
task1a_test_2463,NOT
task1a_test_2464,HOF
task1a_test_2465,NOT
task1a_test_2466,HOF
task1a_test_2467,NOT
task1a_test_2468,NOT
task1a_test_2469,NOT
task1a_test_2470,NOT
task1a_test_2471,NOT
task1a_test_2472,NOT
task1a_test_2473,HOF
task1a_test_2474,NOT
task1a_test_2475,NOT
task1a_test_2476,HOF
task1a_test_2477,NOT
task1a_test_2478,NOT
task1a_test_2479,NOT
task1a_test_2480,NOT
task1a_test_2481,NOT
task1a_test_2482,NOT
task1a_test_2483,NOT
task1a_test_2484,NOT
task1a_test_2485,HOF
task1a_test_2486,HOF
task1a_test_2487,HOF
task1a_test_2488,NOT
task1a_test_2489,NOT
task1a_test_2490,HOF
task1a_test_2491,NOT
task1a_test_2492,NOT
task1a_test_2493,HOF
task1a_test_2494,NOT
task1a_test_2495,HOF
task1a_test_2496,NOT
task1a_test_2497,NOT
task1a_test_2498,HOF
task1a_test_2499,NOT
task1a_test_2500,HOF
